Workbook

Sheet 總表
A1: 20260428 | B1: 第一場 | K1: 客隊 | R1: 主場
B2: =J3 -> 06:10 | J2: 第一場 | K2: =數據分析!E3 -> 光芒 | R2: =數據分析!I3 -> 守護者 | Y2: -99 | Z2: -8.1 | AA2: 甜過頭
B3: =IF(K3<>"", K2&K1, IF(R3<>"", R2&R1, "")) -> 光芒客隊 | D3: 合理讓分 | E3: =IF(K3<>"", K2&"讓分", IF(R3<>"", R2&"讓分", "")) -> 光芒讓分 | G3: 金流 | H3: 合理性 | J3: =數據分析!C3 -> 06:10 | K3: =數據分析!F3 -> 0 | N3: =數據分析!G3 -> 0.31 | R3: =數據分析!J3 -> 1分贏 | U3: =數據分析!K3 -> 0.69 | Y3: -8 | Z3: -6.1 | AA3: 很甜
J4: =K2&"勝負" -> 光芒勝負 | L4: =數據分析!AE2 -> 3連勝 | M4: =數據分析!AB2 -> W.W.L.W.L.L.L.W.W.W | Q4: =R2&"勝負" -> 守護者勝負 | S4: =數據分析!AE3 -> 2連敗 | T4: =數據分析!AB3 -> L.W.L.W.W.L.W.W.L.L | Y4: -6 | Z4: -4.1 | AA4: 有點甜
B5: =ABS(L6-S6) -> 0.8 | D5: =IF(R3<>0, (B5*3.5)+3, B5*3.5) -> 5.8 | E5: {=IF(K3<>"", "讓" & (LEFT(K3, MIN(FIND({"分","贏","輸"},K3&"分贏輸"))-1) + IF(ISNUMBER(FIND("輸",K3)), 1, 0)), IF(R3<>"", "讓" & (LEFT(R3, MIN(FIND({"分","贏","輸"},R3&"分贏輸"))-1) + IF(ISNUMBER(FIND("輸",R3)), 1, 0)), "" ) )} -> 讓0 | G5: =IF(K3<>"", N3, IF(R3<>"", U3, "")) -> 0.31 | H5: =VLOOKUP(D5 - VALUE(SUBSTITUTE(E5,"讓","")), $Y$2:$AA$12, 3, TRUE) -> 硬 | J5: =K2&"過盤" -> 光芒過盤 | L5: =數據分析!X2 -> 3連O | M5: =數據分析!Y2 -> O.O.X.O.X.X.X.O.O.O | Q5: =R2&"過盤" -> 守護者過盤 | S5: =數據分析!X3 -> 2連X | T5: =數據分析!Y3 -> X.O.X.O.O.X.O.O.X.X | Y5: -4 | Z5: -2.1 | AA5: 甜
J6: =K2&"基本" -> 光芒基本 | L6: =數據分析!AH2 -> 4.8 | O6: =數據分析!AI2 -> B+ | Q6: =R2&"基本" -> 守護者基本 | S6: =數據分析!AH3 -> 4 | V6: =數據分析!AI3 -> B- | Y6: -2 | Z6: -1.1 | AA6: 稍微甜
J7: =$K$2&"進階" -> 光芒進階 | L7: =數據分析!AJ2 -> 4.25 | O7: =數據分析!AK2 -> B | Q7: =$R$2&"進階" -> 守護者進階 | S7: =數據分析!AJ3 -> 5.55 | V7: =數據分析!AK3 -> A | Y7: -1 | Z7: 1 | AA7: 合理
J8: =$K$2&"GP/出賽" -> 光芒GP/出賽 | L8: =數據分析!$CD$2 -> 27 | N8: =數據分析!$CD$3 -> 0 | O8: =L8-S8 -> -2 | Q8: =$R$2&"GP/出賽" -> 守護者GP/出賽 | S8: =數據分析!$CD$4 -> 29 | U8: =數據分析!$CD$5 -> 0 | V8: =S8-L8 -> 2 | Y8: 1.1 | Z8: 2 | AA8: 稍微硬
J9: =K2&"R/得分" -> 光芒R/得分 | L9: =數據分析!$CF$2 -> 132 | N9: =數據分析!$CF$3 -> 0.75 | O9: =L9-S9 -> 14 | Q9: =$R$2&"R/得分" -> 守護者R/得分 | S9: =數據分析!$CF$4 -> 118 | U9: =數據分析!$CF$5 -> 0.45 | V9: =S9-L9 -> -14 | Y9: 2.1 | Z9: 4 | AA9: 有點硬
J10: =$K$2&"H/安打" -> 光芒H/安打 | L10: =數據分析!$CG$2 -> 238 | N10: =數據分析!$CG$3 -> 0 | O10: =L10-S10 -> 19 | Q10: =$R$2&"H/安打" -> 守護者H/安打 | S10: =數據分析!$CG$4 -> 219 | U10: =數據分析!$CG$5 -> 0 | V10: =S10-L10 -> -19 | Y10: 4.1 | Z10: 6 | AA10: 硬
J11: =$K$2&"2B/二壘打" -> 光芒2B/二壘打 | L11: =數據分析!$CH$2 -> 38 | N11: =數據分析!$CH$3 -> 0 | O11: =L11-S11 -> -11 | Q11: =$R$2&"2B/二壘打" -> 守護者2B/二壘打 | S11: =數據分析!$CH$4 -> 49 | U11: =數據分析!$CH$5 -> 0 | V11: =S11-L11 -> 11 | Y11: 6.1 | Z11: 8 | AA11: 很硬
J12: =$K$2&"3B/三壘打" -> 光芒3B/三壘打 | L12: =數據分析!$CI$2 -> 5 | N12: =數據分析!$CI$3 -> 0 | O12: =L12-S12 -> 4 | Q12: =$R$2&"3B/3壘打" -> 守護者3B/3壘打 | S12: =數據分析!$CI$4 -> 1 | U12: =數據分析!$CI$5 -> 0 | V12: =S12-L12 -> -4 | Y12: 8.1 | Z12: 99 | AA12: 硬過頭
J13: =$K$2&"HR/全壘打" -> 光芒HR/全壘打 | L13: =數據分析!$CJ$2 -> 26 | N13: =數據分析!$CJ$3 -> 0.3 | O13: =L13-S13 -> -4 | Q13: =$R$2&"HR/全壘打" -> 守護者HR/全壘打 | S13: =數據分析!$CJ$4 -> 30 | U13: =數據分析!$CJ$5 -> 0.4 | V13: =S13-L13 -> 4
J14: =$K$2&"RBI/打點" -> 光芒RBI/打點 | L14: =數據分析!$CK$2 -> 126 | N14: =數據分析!$CK$3 -> 0.5 | O14: =L14-S14 -> 13 | Q14: =$R$2&"RBI/打點" -> 守護者RBI/打點 | S14: =數據分析!$CK$4 -> 113 | U14: =數據分析!$CK$5 -> 0.3 | V14: =S14-L14 -> -13
J15: =$K$2&"TB/壘打數" -> 光芒TB/壘打數 | L15: =數據分析!$CL$2 -> 364 | N15: =數據分析!$CL$3 -> 0 | O15: =L15-S15 -> 4 | Q15: =$R$2&"TB/壘打數" -> 守護者TB/壘打數 | S15: =數據分析!$CL$4 -> 360 | U15: =數據分析!$CL$5 -> 0 | V15: =S15-L15 -> -4
J16: =$K$2&"SB/盜壘" -> 光芒SB/盜壘 | L16: =數據分析!$CO$2 -> 29 | N16: =數據分析!$CO$3 -> 0.35 | O16: =L16-S16 -> 9 | Q16: =$R$2&"SB/盜壘" -> 守護者SB/盜壘 | S16: =數據分析!$CO$4 -> 20 | U16: =數據分析!$CO$5 -> 0.25 | V16: =S16-L16 -> -9
J17: =$K$2&"AVG/打擊率" -> 光芒AVG/打擊率 | L17: =數據分析!$CP$2 -> .258 | N17: =數據分析!$CR$3 -> 0.6 | O17: =L17-S17 -> 0.027 | Q17: =$R$2&"AVG/打擊率" -> 守護者AVG/打擊率 | S17: =數據分析!$CP$4 -> .231 | U17: =數據分析!$CR$5 -> 0.6 | V17: =S17-L17 -> -0.027
J18: =$K$2&"OBP/上壘率" -> 光芒OBP/上壘率 | L18: =數據分析!$CQ$2 -> .335 | N18: =數據分析!$CU$3 -> 0.9 | O18: =L18-S18 -> 0.016 | Q18: =$R$2&"OBP/上壘率" -> 守護者OBP/上壘率 | S18: =數據分析!$CQ$4 -> .319 | U18: =數據分析!$CU$5 -> 0.8 | V18: =S18-L18 -> -0.016
J19: =$K$2&"SLG/長打率" -> 光芒SLG/長打率 | L19: =數據分析!$CR$2 -> .394 | N19: =數據分析!$CX$3 -> 0 | O19: =L19-S19 -> 0.014 | Q19: =$R$2&"SLG/長打率" -> 守護者SLG/長打率 | S19: =數據分析!$CR$4 -> .380 | U19: =數據分析!$CX$5 -> 0 | V19: =S19-L19 -> -0.014
J20: =$K$2&"保送" -> 光芒保送 | L20: =數據分析!$CM$2 -> 95 | N20: =數據分析!$CY$3 -> 0.6 | O20: =L20-S20 -> -19 | Q20: =$R$2&"保送" -> 守護者保送 | S20: =數據分析!$CM$4 -> 114 | U20: =數據分析!$CY$5 -> 0.8 | V20: =S20-L20 -> 19
J21: =$K$2&"三振" -> 光芒三振 | L21: =數據分析!$CN$2 -> 191 | N21: =數據分析!$CZ$3 -> 0.6 | O21: =L21-S21 -> -37 | Q21: =$R$2&"三振" -> 守護者三振 | S21: =數據分析!$CN$4 -> 228 | U21: =數據分析!$CZ$5 -> 0.75 | V21: =S21-L21 -> 37
J22: =K2&"投手" -> 光芒投手 | L22: =先發名單!E2 -> Steven Matz | Q22: =R2&"投手" -> 守護者投手 | S22: =先發名單!F2 -> Parker Messick
J23: ERA | Q23: ERA | X23: =K2&"先發" -> 光芒先發 | Z23: 戰力 | AC23: 命中率 | AE23: =R2&"先發" -> 守護者先發 | AG23: 戰力 | AJ23: 命中率
J24: WHIP | Q24: WHIP | X24: =數據分析!DF2 -> Yandy Diaz | Z24: =數據分析!DH3 -> 2.8 | AB24: =Z24-AG24 -> #VALUE! | AC24: =數據分析!DI3 -> 5 | AE24: =數據分析!EI2 -> Taylor Walls | AG24: =數據分析!EK3 -> #VALUE! | AI24: =AG24-Z24 -> #VALUE! | AJ24: =數據分析!EL3 -> #VALUE!
J25: IP | Q25: IP | X25: =數據分析!DF4 -> J. Aranda | Z25: =數據分析!DH5 -> #VALUE! | AB25: =Z25-AG25 -> #VALUE! | AC25: =數據分析!DI5 -> #VALUE! | AE25: =數據分析!EI4 -> Steven Kwan | AG25: =數據分析!EK5 -> 1.45 | AI25: =AG25-Z25 -> #VALUE! | AJ25: =數據分析!EL5 -> #N/A
J26: H | Q26: H | X26: =數據分析!DF6 -> J. Caminero | Z26: =數據分析!DH7 -> #VALUE! | AB26: =Z26-AG26 -> #VALUE! | AC26: =數據分析!DI7 -> #VALUE! | AE26: =數據分析!EI6 -> A. Martinez | AG26: =數據分析!EK7 -> #VALUE! | AI26: =AG26-Z26 -> #VALUE! | AJ26: =數據分析!EL7 -> #VALUE!
J27: K | Q27: K | X27: =數據分析!DF8 -> Ryan Vilade | Z27: =數據分析!DH9 -> 0.8 | AB27: =Z27-AG27 -> -2.7 | AC27: =數據分析!DI9 -> 5 | AE27: =數據分析!EI8 -> Jose Ramirez | AG27: =數據分析!EK9 -> 3.5 | AI27: =AG27-Z27 -> 2.7 | AJ27: =數據分析!EL9 -> 5
J28: BB | Q28: BB | X28: =數據分析!DF10 -> Jonny DeLuca | Z28: =數據分析!DH11 -> 2.8 | AB28: =Z28-AG28 -> 0.8 | AC28: =數據分析!DI11 -> 5 | AE28: =數據分析!EI10 -> Rhys Hoskins | AG28: =數據分析!EK11 -> 2 | AI28: =AG28-Z28 -> -0.8 | AJ28: =數據分析!EL11 -> #N/A
J29: HR | Q29: HR | Z29: =Z24+Z25+Z26+Z27+Z28 -> #VALUE! | AB29: =Z29-AG29 -> #VALUE! | AC29: =AC24+AC25+AC26+AC27+AC28 -> #VALUE! | AG29: =AG24+AG25+AG26+AG27+AG28 -> #VALUE! | AI29: =AG29-Z29 -> #VALUE! | AJ29: =AJ24+AJ25+AJ26+AJ27+AJ28 -> #VALUE!
L30: 打擊率 | M30: 打數-安打 | N30: 上壘率 | O30: 全壘打 | P30: 長打率
J31: =先發名單!G2 -> Yandy Diaz | X31: =K2&"板凳" -> 光芒板凳 | Z31: 戰力 | AC31: 命中率 | AE31: =R2&"板凳" -> 守護者板凳 | AG31: 戰力 | AJ31: 命中率
J32: =先發名單!H3 -> Ivan Herrera | X32: =數據分析!DF12 -> B. Williamson | Z32: =數據分析!DH13 -> #VALUE! | AB32: =Z32-AG32 -> #VALUE! | AC32: =數據分析!DI13 -> #VALUE! | AE32: =數據分析!EI12 -> David Fry | AG32: =數據分析!EK13 -> 0.6 | AI32: =AG32-Z32 -> #VALUE! | AJ32: =數據分析!EL13 -> 5
X33: =數據分析!DF14 -> C. Simpson | Z33: =數據分析!DH15 -> #VALUE! | AB33: =Z33-AG33 -> #VALUE! | AC33: =數據分析!DI15 -> #VALUE! | AE33: =數據分析!EI14 -> D. Schneemann | AG33: =數據分析!EK15 -> #VALUE! | AI33: =AG33-Z33 -> #VALUE! | AJ33: =數據分析!EL15 -> #VALUE!
X34: =數據分析!DF16 -> Nick Fortes | Z34: =數據分析!DH17 -> 1.95 | AB34: =Z34-AG34 -> 0.9 | AC34: =數據分析!DI17 -> 5 | AE34: =數據分析!EI16 -> Juan Brito | AG34: =數據分析!EK17 -> 1.05 | AI34: =AG34-Z34 -> -0.9 | AJ34: =數據分析!EL17 -> #N/A
X35: =數據分析!DF18 -> Taylor Walls | Z35: =數據分析!DH19 -> 0.75 | AB35: =Z35-AG35 -> #VALUE! | AC35: =數據分析!DI19 -> 5 | AE35: =數據分析!EI18 -> A. Hedges | AG35: =數據分析!EK19 -> #VALUE! | AI35: =AG35-Z35 -> #VALUE! | AJ35: =數據分析!EL19 -> #VALUE!
X36: =數據分析!DF20 -> 0 | Z36: =數據分析!DH21 -> 0 | AB36: =Z36-AG36 -> #VALUE! | AC36: =數據分析!DI21 -> 0 | AE36: =數據分析!EI20 -> B. Rocchio | AG36: =數據分析!EK21 -> #VALUE! | AI36: =AG36-Z36 -> #VALUE! | AJ36: =數據分析!EL21 -> #VALUE!
X37: =數據分析!DF22 -> 0 | Z37: =數據分析!DH23 -> 0 | AB37: =Z37-AG37 -> #VALUE! | AC37: =數據分析!DI23 -> 0 | AE37: =數據分析!EI22 -> 0 | AG37: =數據分析!EK23 -> #VALUE! | AI37: =AG37-Z37 -> #VALUE! | AJ37: =數據分析!EL23 -> #VALUE!
X38: =數據分析!DF24 -> 0 | Z38: =數據分析!DH25 -> 0 | AB38: =Z38-AG38 -> #VALUE! | AC38: =數據分析!DI25 -> 0 | AE38: =數據分析!EI24 -> 0 | AG38: =數據分析!EK25 -> #VALUE! | AI38: =AG38-Z38 -> #VALUE! | AJ38: =數據分析!EL25 -> #VALUE!
X39: =數據分析!DF26 -> 0 | Z39: =數據分析!DH27 -> 0 | AB39: =Z39-AG39 -> #VALUE! | AC39: =數據分析!DI27 -> 0 | AE39: =數據分析!EI26 -> 0 | AG39: =數據分析!EK27 -> #VALUE! | AI39: =AG39-Z39 -> #VALUE! | AJ39: =數據分析!EL27 -> #VALUE!
Z40: =Z35+Z36+Z37+Z38+Z39 -> 0.75 | AB40: =Z40-AG40 -> #VALUE! | AC40: =AC35+AC36+AC37+AC38+AC39 -> 5 | AG40: =AG35+AG36+AG37+AG38+AG39 -> #VALUE! | AI40: =AG40-Z40 -> #VALUE! | AJ40: =AJ35+AJ36+AJ37+AJ38+AJ39 -> #VALUE!
K43: 客隊 | R43: 主場
J44: 第二場 | K44: =數據分析!E4 -> 紅雀 | R44: =數據分析!I4 -> 海盜
J45: =數據分析!C4 -> 06:40 | K45: =數據分析!F4 -> 0 | N45: =數據分析!G4 -> 0.29 | R45: =數據分析!J4 -> 1分贏 | U45: =數據分析!K4 -> 0.71
J46: =K44&"勝負" -> 紅雀勝負 | L46: =數據分析!AE4 -> 3連敗 | M46: =數據分析!AB4 -> W.W.W.W.W.L.W.L.L.L | Q46: =R44&"勝負" -> 海盜勝負 | S46: =數據分析!AE4 -> 3連敗 | T46: =數據分析!AB4 -> W.W.W.W.W.L.W.L.L.L
J47: =K44&"過盤" -> 紅雀過盤 | L47: =數據分析!X4 -> 3連X | M47: =數據分析!Y4 -> O.O.O.O.O.X.O.X.X.X | Q47: =R44&"過盤" -> 海盜過盤 | S47: =數據分析!X4 -> 3連X | T47: =數據分析!Y4 -> O.O.O.O.O.X.O.X.X.X
J48: =K44&"平均" -> 紅雀平均 | L48: =數據分析!CB7 -> 4.5 | Q48: =R44&"平均" -> 海盜平均 | S48: =數據分析!CB9 -> 4.4
J49: =$K$44&"準度" -> 紅雀準度 | L49: =數據分析!CC7 -> 4.35 | Q49: =$R$44&"準度" -> 海盜準度 | S49: =數據分析!CC9 -> 4.7
J50: =$K$44&"PTS/得分" -> 紅雀PTS/得分 | L50: =數據分析!$CD$6 -> 27 | N50: =數據分析!$CD$7 -> 0 | O50: =L50-S50 -> -1 | Q50: =$R$44&"PTS/得分" -> 海盜PTS/得分 | S50: =數據分析!$CD$8 -> 28 | U50: =數據分析!$CD$9 -> 0 | V50: =S50-L50 -> 1
J51: =K44&"REB/籃板" -> 紅雀REB/籃板 | L51: =數據分析!$CF$6 -> 125 | N51: =數據分析!$CF$7 -> 0.75 | O51: =L51-S51 -> -10 | Q51: =$R$44&"REB/籃板" -> 海盜REB/籃板 | S51: =數據分析!$CF$8 -> 135 | U51: =數據分析!$CF$9 -> 0.75 | V51: =S51-L51 -> 10
J52: =$K$44&"AST/助攻" -> 紅雀AST/助攻 | L52: =數據分析!$CG$6 -> 212 | N52: =數據分析!$CG$7 -> 0 | O52: =L52-S52 -> -22 | Q52: =$R$44&"AST/助攻" -> 海盜AST/助攻 | S52: =數據分析!$CG$8 -> 234 | U52: =數據分析!$CG$9 -> 0 | V52: =S52-L52 -> 22
J53: =$K$44&"STL/抄截" -> 紅雀STL/抄截 | L53: =數據分析!$CH$6 -> 35 | N53: =數據分析!$CH$7 -> 0 | O53: =L53-S53 -> -1 | Q53: =$R$44&"STL/抄截" -> 海盜STL/抄截 | S53: =數據分析!$CH$8 -> 36 | U53: =數據分析!$CH$9 -> 0 | V53: =S53-L53 -> 1
J54: =$K$44&"BLK/阻攻" -> 紅雀BLK/阻攻 | L54: =數據分析!$CI$6 -> 1 | N54: =數據分析!$CI$7 -> 0 | O54: =L54-S54 -> -1 | Q54: =$R$44&"BLK/阻攻" -> 海盜BLK/阻攻 | S54: =數據分析!$CI$8 -> 2 | U54: =數據分析!$CI$9 -> 0 | V54: =S54-L54 -> 1
J55: =$K$44&"TO/失誤" -> 紅雀TO/失誤 | L55: =數據分析!$CJ$6 -> 34 | N55: =數據分析!$CJ$7 -> 0.5 | O55: =L55-S55 -> 5 | Q55: =$R$44&"TO/失誤" -> 海盜TO/失誤 | S55: =數據分析!$CJ$8 -> 29 | U55: =數據分析!$CJ$9 -> 0.4 | V55: =S55-L55 -> -5
J56: =$K$44&"PF/犯規" -> 紅雀PF/犯規 | L56: =數據分析!$CK$6 -> 122 | N56: =數據分析!$CK$7 -> 0.5 | O56: =L56-S56 -> -8 | Q56: =$R$44&"PF/犯規" -> 海盜PF/犯規 | S56: =數據分析!$CK$8 -> 130 | U56: =數據分析!$CK$9 -> 0.5 | V56: =S56-L56 -> 8
J57: =$K$44&"助攻失誤比" -> 紅雀助攻失誤比 | L57: =數據分析!$CL$6 -> 351 | N57: =數據分析!$CL$7 -> 0 | O57: =L57-S57 -> -10 | Q57: =$R$44&"助攻失誤比" -> 海盜助攻失誤比 | S57: =數據分析!$CL$8 -> 361 | U57: =數據分析!$CL$9 -> 0 | V57: =S57-L57 -> 10
J58: =$K$44&"命中率" -> 紅雀命中率 | L58: =數據分析!$CO$6 -> 20 | N58: =數據分析!$CO$7 -> 0.25 | O58: =L58-S58 -> -6 | Q58: =$R$44&"命中率" -> 海盜命中率 | S58: =數據分析!$CO$8 -> 26 | U58: =數據分析!$CO$9 -> 0.35 | V58: =S58-L58 -> 6
J59: =$K$44&"3分" -> 紅雀3分 | L59: =數據分析!$CR$6 -> .390 | N59: =數據分析!$CR$7 -> 0.6 | O59: =L59-S59 -> 0.018 | Q59: =$R$44&"3分" -> 海盜3分 | S59: =數據分析!$CR$8 -> .372 | U59: =數據分析!$CR$9 -> 0.6 | V59: =S59-L59 -> -0.018
J60: =$K$44&"罰球" -> 紅雀罰球 | L60: =數據分析!$CU$6 -> 118.2 | N60: =數據分析!$CU$7 -> 0.8 | O60: =L60-S60 -> -3.3 | Q60: =$R$44&"罰球" -> 海盜罰球 | S60: =數據分析!$CU$8 -> 121.5 | U60: =數據分析!$CU$9 -> 0.9 | V60: =S60-L60 -> 3.3
J61: =$K$44&"2分命中率" -> 紅雀2分命中率 | L61: =數據分析!$CX$6 -> 0.45 | N61: =數據分析!$CX$7 -> 0 | O61: =L61-S61 -> 0.05 | Q61: =$R$44&"2分" -> 海盜2分 | S61: =數據分析!$CX$8 -> 0.40 | U61: =數據分析!$CX$9 -> 0 | V61: =S61-L61 -> -0.05
J62: =$K$44&"得分效率" -> 紅雀得分效率 | L62: =數據分析!$CY$6 -> .154 | N62: =數據分析!$CY$7 -> 0.8 | O62: =L62-S62 -> 0.023 | Q62: =$R$44&"得分效率" -> 海盜得分效率 | S62: =數據分析!$CY$8 -> .131 | U62: =數據分析!$CY$9 -> 0.6 | V62: =S62-L62 -> -0.023
J63: =$K$44&"投籃效率" -> 紅雀投籃效率 | L63: =數據分析!$CZ$6 -> .283 | N63: =數據分析!$CZ$7 -> 0.75 | O63: =L63-S63 -> 0.017 | Q63: =$R$44&"投籃效率" -> 海盜投籃效率 | S63: =數據分析!$CZ$8 -> .266 | U63: =數據分析!$CZ$9 -> 0.6 | V63: =S63-L63 -> -0.017
J65: =K44&"先發" -> 紅雀先發 | L65: 戰力 | O65: 命中率 | Q65: =R44&"先發" -> 海盜先發 | S65: 戰力 | V65: 命中率
J66: =數據分析!DF44 -> Nolan Gorman | L66: =數據分析!DH45 -> 1.9 | N66: =L66-S66 -> #VALUE! | O66: =數據分析!DI45 -> 5 | Q66: =數據分析!EI44 -> M. Ozuna | S66: =數據分析!EK45 -> #VALUE! | U66: =S66-L66 -> #VALUE! | V66: =數據分析!EL45 -> #VALUE!
J67: =數據分析!DF46 -> Masyn Winn | L67: =數據分析!DH47 -> 2.25 | N67: =L67-S67 -> #VALUE! | O67: =數據分析!DI47 -> 5 | Q67: =數據分析!EI46 -> S. Horwitz | S67: =數據分析!EK47 -> #VALUE! | U67: =S67-L67 -> #VALUE! | V67: =數據分析!EL47 -> #VALUE!
J68: =數據分析!DF48 -> N. Church | L68: =數據分析!DH49 -> #VALUE! | N68: =L68-S68 -> #VALUE! | O68: =數據分析!DI49 -> #VALUE! | Q68: =數據分析!EI48 -> K. Griffin | S68: =數據分析!EK49 -> #VALUE! | U68: =S68-L68 -> #VALUE! | V68: =數據分析!EL49 -> #VALUE!
J69: =數據分析!DF50 -> #REF! | L69: =數據分析!DH51 -> #VALUE! | N69: =L69-S69 -> #VALUE! | O69: =數據分析!DI51 -> #VALUE! | Q69: =數據分析!EI50 -> Joey Bart | S69: =數據分析!EK51 -> 1.35 | U69: =S69-L69 -> #VALUE! | V69: =數據分析!EL51 -> #N/A
J70: =數據分析!DF52 -> #REF! | L70: =數據分析!DH53 -> #VALUE! | N70: =L70-S70 -> #VALUE! | O70: =數據分析!DI53 -> #VALUE! | Q70: =數據分析!EI52 -> 0 | S70: =數據分析!EK53 -> #VALUE! | U70: =S70-L70 -> #VALUE! | V70: =數據分析!EL53 -> #VALUE!
L71: =L66+L67+L68+L69+L70 -> #VALUE! | N71: =L71-S71 -> #VALUE! | O71: =O66+O67+O68+O69+O70 -> #VALUE! | S71: =S66+S67+S68+S69+S70 -> #VALUE! | U71: =S71-L71 -> #VALUE! | V71: =V66+V67+V68+V69+V70 -> #VALUE!
J73: =K44&"板凳" -> 紅雀板凳 | L73: 戰力 | O73: 命中率 | Q73: =R44&"板凳" -> 海盜板凳 | S73: 戰力 | V73: 命中率
J74: =數據分析!DF54 -> #REF! | L74: =數據分析!DH55 -> #VALUE! | N74: =L74-S74 -> #VALUE! | O74: =數據分析!DI55 -> #VALUE! | Q74: =數據分析!EI54 -> 0 | S74: =數據分析!EK55 -> #VALUE! | U74: =S74-L74 -> #VALUE! | V74: =數據分析!EL55 -> #VALUE!
J75: =數據分析!DF56 -> #REF! | L75: =數據分析!DH57 -> #VALUE! | N75: =L75-S75 -> #VALUE! | O75: =數據分析!DI57 -> #VALUE! | Q75: =數據分析!EI56 -> 0 | S75: =數據分析!EK57 -> #VALUE! | U75: =S75-L75 -> #VALUE! | V75: =數據分析!EL57 -> #VALUE!
J76: =數據分析!DF58 -> 紅雀整體 | L76: =數據分析!DH59 -> #VALUE! | N76: =L76-S76 -> #VALUE! | O76: =數據分析!DI59 -> 0 | Q76: =數據分析!EI58 -> 海盜整體 | S76: =數據分析!EK59 -> #VALUE! | U76: =S76-L76 -> #VALUE! | V76: =數據分析!EL59 -> 0
J77: =數據分析!DF60 -> 0 | L77: =數據分析!DH61 -> 整體平均 | N77: =L77-S77 -> #VALUE! | O77: =數據分析!DI61 -> 攻擊力 | Q77: =數據分析!EI60 -> 0 | S77: =數據分析!EK61 -> 整體平均 | U77: =S77-L77 -> #VALUE! | V77: =數據分析!EL61 -> 攻擊力
J78: =數據分析!DF62 -> Ranger Suarez | L78: =數據分析!DH63 -> #VALUE! | N78: =L78-S78 -> #VALUE! | O78: =數據分析!DI63 -> #VALUE! | Q78: =數據分析!EI62 -> C. Narvaez | S78: =數據分析!EK63 -> #VALUE! | U78: =S78-L78 -> #VALUE! | V78: =數據分析!EL63 -> #VALUE!
J79: =數據分析!DF64 -> Dylan Cease | L79: =數據分析!DH65 -> #VALUE! | N79: =L79-S79 -> #VALUE! | O79: =數據分析!DI65 -> #VALUE! | Q79: =數據分析!EI64 -> E. Clement | S79: =數據分析!EK65 -> #VALUE! | U79: =S79-L79 -> #VALUE! | V79: =數據分析!EL65 -> #VALUE!
J80: =數據分析!DF66 -> R. Anthony | L80: =數據分析!DH67 -> #VALUE! | N80: =L80-S80 -> #VALUE! | O80: =數據分析!DI67 -> #VALUE! | Q80: =數據分析!EI66 -> V. Guerrero | S80: =數據分析!EK67 -> #VALUE! | U80: =S80-L80 -> #VALUE! | V80: =數據分析!EL67 -> #VALUE!
J81: =數據分析!DF68 -> W. Contreras | L81: =數據分析!DH69 -> #VALUE! | N81: =L81-S81 -> #VALUE! | O81: =數據分析!DI69 -> #VALUE! | Q81: =數據分析!EI68 -> K. Okamoto | S81: =數據分析!EK69 -> #VALUE! | U81: =S81-L81 -> #VALUE! | V81: =數據分析!EL69 -> #VALUE!
L82: =L77+L78+L79+L80+L81 -> #VALUE! | N82: =L82-S82 -> #VALUE! | O82: =O77+O78+O79+O80+O81 -> #VALUE! | S82: =S77+S78+S79+S80+S81 -> #VALUE! | U82: =S82-L82 -> #VALUE! | V82: =V77+V78+V79+V80+V81 -> #VALUE!

Sheet 數據分析
A1: =總表!A1 -> 20260428 | AG1: GP/出賽 | AH1: 整體平均 | AJ1: 攻擊力 | AL1: AB/打數 | AM1: R/得分 | AN1: H/安打 | AO1: 2B/二壘打 | AP1: 3B/三壘打 | AQ1: HR/全壘打 | AR1: RBI/打點 | AS1: TB/壘打數 | AT1: BB/保送 | AU1: SO/三振 | AV1: SB/盜壘 | AW1: AVG/打擊率 | AX1: OBP/上壘率 | AY1: SLG/長打率 | AZ1: OPS/整體攻擊指數 | BA1: WAR/勝場貢獻值 | BB1: RC/得分創造 | BC1: RC/27/每27出局得分創造 | BD1: BB/PA/保送率 | BE1: BB/K/保送三振比 | BF1: ISOP/純長打率 | BG1: SECA/次級攻擊指數 | BH1: P/PA/每打席用球數 | BI1: XBH/長打數 | BJ1: PA/打席 | BK1: AB/HR/全壘打打數比 | BM1: AVG/打擊率 | BO1: 0.1 | BP1: OBP/上壘率 | BR1: 0.2 | BS1: SLG/長打率 | BU1: 0.2 | BV1: R/G每場得分 | BX1: 0.15 | BY1: RBI/每場打點 | CA1: 0.1 | CD1: GP/出賽 | CE1: AB/打數 | CF1: R/得分 | CG1: H/安打 | CH1: 2B/二壘打 | CI1: 3B/三壘打 | CJ1: HR/全壘打 | CK1: RBI/打點 | CL1: TB/壘打數 | CM1: BB/保送 | CN1: SO/三振 | CO1: SB/盜壘 | CP1: AVG/打擊率 | CQ1: OBP/上壘率 | CR1: SLG/長打率 | CS1: OPS/整體攻擊指數 | CT1: WAR/勝場貢獻值 | CU1: RC/得分創造 | CV1: RC/27/每27出局得分創造 | CW1: BB/PA/保送率 | CX1: BB/K/保送三振比 | CY1: ISOP/純長打率 | CZ1: SECA/次級攻擊指數 | DA1: P/PA/每打席用球數 | DB1: XBH/長打數 | DC1: PA/打席 | DD1: AB/HR/全壘打打數比 | DF1: =CB2 -> 光芒 | DG1: GP/出賽 | DH1: AB/打數 | DI1: R/得分 | DJ1: H/安打 | DK1: 2B/二壘打 | DL1: 3B/三壘打 | DM1: HR/全壘打 | DN1: RBI/打點 | DO1: TB/壘打數 | DP1: BB/保送 | DQ1: SO/三振 | DR1: SB/盜壘 | DS1: AVG/打擊率 | DT1: OBP/上壘率 | DU1: SLG/長打率 | DV1: OPS/整體攻擊指數 | DW1: WAR/勝場貢獻值 | DX1: RC/得分創造 | DY1: RC/27/每27出局得分創造 | DZ1: BB/PA/保送率 | EA1: BB/K/保送三振比 | EB1: ISOP/純長打率 | EC1: SECA/次級攻擊指數 | ED1: P/PA/每打席用球數 | EE1: XBH/長打數 | EF1: PA/打席 | EG1: AB/HR/全壘打打數比 | EI1: =CB4 -> 守護者 | EJ1: GP/出賽 | EK1: AB/打數 | EL1: R/得分 | EM1: H/安打 | EN1: 2B/二壘打 | EO1: 3B/三壘打 | EP1: HR/全壘打 | EQ1: RBI/打點 | ER1: TB/壘打數 | ES1: BB/保送 | ET1: SO/三振 | EU1: SB/盜壘 | EV1: AVG/打擊率 | EW1: OBP/上壘率 | EX1: SLG/長打率 | EY1: OPS/整體攻擊指數 | EZ1: WAR/勝場貢獻值 | FA1: RC/得分創造 | FB1: RC/27/每27出局得分創造 | FC1: BB/PA/保送率 | FD1: BB/K/保送三振比 | FE1: ISOP/純長打率 | FF1: SECA/次級攻擊指數 | FG1: P/PA/每打席用球數 | FH1: XBH/長打數 | FI1: PA/打席 | FJ1: AB/HR/全壘打打數比 | FK1: PTS/得分 | FM1: 0.25 | FN1: REB/籃板 | FP1: 0.15 | FQ1: AST/助攻 | FS1: 0.1 | FT1: STL/抄截 | FV1: 0.1 | FW1: BLK/阻攻 | FY1: 0.05
B2: 日期 | C2: 時間 | D2: 結果 | E2: 客隊 | F2: 讓分 | G2: 比例 | H2: 結果 | I2: 主隊 | J2: 讓分 | K2: 比例 | L2: =TEXT(DATE(LEFT($A1,4), MID($A1,5,2), RIGHT($A1,2))-10, "m/d") -> 4/18 | M2: =TEXT(DATE(LEFT($A1,4), MID($A1,5,2), RIGHT($A1,2))-9, "m/d") -> 4/19 | N2: =TEXT(DATE(LEFT($A1,4), MID($A1,5,2), RIGHT($A1,2))-8, "m/d") -> 4/20 | O2: =TEXT(DATE(LEFT($A1,4), MID($A1,5,2), RIGHT($A1,2))-7, "m/d") -> 4/21 | P2: =TEXT(DATE(LEFT($A1,4), MID($A1,5,2), RIGHT($A1,2))-6, "m/d") -> 4/22 | Q2: =TEXT(DATE(LEFT($A1,4), MID($A1,5,2), RIGHT($A1,2))-5, "m/d") -> 4/23 | R2: =TEXT(DATE(LEFT(A1,4), MID(A1,5,2), RIGHT(A1,2))-4, "m/d") -> 4/24 | S2: =TEXT(DATE(LEFT(A1,4), MID(A1,5,2), RIGHT(A1,2))-3, "m/d") -> 4/25 | T2: =TEXT(DATE(LEFT(A1,4), MID(A1,5,2), RIGHT(A1,2))-2, "m/d") -> 4/26 | U2: =TEXT(DATE(LEFT(A1,4), MID(A1,5,2), RIGHT(A1,2))-1, "m/d") -> 4/27 | V2: =C3 -> 06:10 | W2: =E3 -> 光芒 | X2: {=_xlfn.LET(_xlpm.s,SUBSTITUTE(Y2,".",""),_xlpm.c,RIGHT(_xlpm.s,1),_xlpm.n,ROW(INDIRECT("1:"&LEN(_xlpm.s))),_xlpm.cnt,MAX(IF(RIGHT(_xlpm.s,_xlpm.n)=REPT(_xlpm.c,_xlpm.n),_xlpm.n,0)),IF(_xlpm.cnt>=2,_xlpm.cnt&"連"&_xlpm.c,"1"&_xlpm.c))} -> 3連O | Y2: {=INDEX(各隊正負!$F:$F, MATCH("*"&$W2&"*", 各隊正負!$A:$A, 0)+6)} -> O.O.X.O.X.X.X.O.O.O | AB2: {=INDEX(各隊正負!$F:$F, MATCH("*"&$W2&"*", 各隊正負!$A:$A, 0)+4)} -> W.W.L.W.L.L.L.W.W.W | AE2: {=_xlfn.LET(_xlpm.s,SUBSTITUTE(AB2,".",""),_xlpm.c,RIGHT(_xlpm.s,1),_xlpm.n,ROW(INDIRECT("1:"&LEN(_xlpm.s))),_xlpm.cnt,MAX(IF(RIGHT(_xlpm.s,_xlpm.n)=REPT(_xlpm.c,_xlpm.n),_xlpm.n,0)),_xlpm.suffix,IF(_xlpm.c="W","勝","敗"),IF(_xlpm.cnt>=2,_xlpm.cnt&"連"&_xlpm.suffix,"1"&_xlpm.suffix))} -> 3連勝 | AF2: =E3 -> 光芒 | AG2: {=IFERROR(INDEX(各隊total!$B:$AB, MATCH($AF2, 各隊total!$A:$A, 0), COLUMN(A1)), "")} -> 27 | AH2: =CB3 -> 4.8 | AI2: =VLOOKUP(AH2*1, BV$15:BX$25, 3, TRUE) -> B+ | AJ2: =CC3 -> 4.25 | AK2: =VLOOKUP(AJ2*1, BY$15:CA$25, 3, TRUE) -> B | AL2: {=IFERROR(INDEX(各隊total!$C:$AB, MATCH($AF2, 各隊total!$A:$A, 0), COLUMN(A1)), "")} -> 923 | AM2: {=IFERROR(INDEX(各隊total!$D:$AB, MATCH($AF2, 各隊total!$A:$A, 0), COLUMN(A1)), "")} -> 132 | AN2: {=IFERROR(INDEX(各隊total!$E:$AB, MATCH($AF2, 各隊total!$A:$A, 0), COLUMN(A1)), "")} -> 238 | AO2: {=IFERROR(INDEX(各隊total!$F:$AB, MATCH($AF2, 各隊total!$A:$A, 0), COLUMN(A1)), "")} -> 38 | AP2: {=IFERROR(INDEX(各隊total!$G:$AB, MATCH($AF2, 各隊total!$A:$A, 0), COLUMN(A1)), "")} -> 5 | AQ2: {=IFERROR(INDEX(各隊total!$H:$AB, MATCH($AF2, 各隊total!$A:$A, 0), COLUMN(A1)), "")} -> 26 | AR2: {=IFERROR(INDEX(各隊total!$I:$AB, MATCH($AF2, 各隊total!$A:$A, 0), COLUMN(A1)), "")} -> 126 | AS2: {=IFERROR(INDEX(各隊total!$J:$AB, MATCH($AF2, 各隊total!$A:$A, 0), COLUMN(A1)), "")} -> 364 | AT2: {=IFERROR(INDEX(各隊total!$K:$AB, MATCH($AF2, 各隊total!$A:$A, 0), COLUMN(A1)), "")} -> 95 | AU2: {=IFERROR(INDEX(各隊total!$L:$AB, MATCH($AF2, 各隊total!$A:$A, 0), COLUMN(A1)), "")} -> 191 | AV2: {=IFERROR(INDEX(各隊total!$M:$AB, MATCH($AF2, 各隊total!$A:$A, 0), COLUMN(A1)), "")} -> 29 | AW2: {=IFERROR(INDEX(各隊total!$N:$AB, MATCH($AF2, 各隊total!$A:$A, 0), COLUMN(A1)), "")} -> .258 | AX2: {=IFERROR(INDEX(各隊total!$O:$AB, MATCH($AF2, 各隊total!$A:$A, 0), COLUMN(A1)), "")} -> .335 | AY2: {=IFERROR(INDEX(各隊total!$P:$AB, MATCH($AF2, 各隊total!$A:$A, 0), COLUMN(A1)), "")} -> .394 | AZ2: {=IFERROR(INDEX(各隊total!$Q:$AB, MATCH($AF2, 各隊total!$A:$A, 0), COLUMN(A1)), "")} -> .729 | BA2: {=IFERROR(INDEX(各隊total!$R:$AB, MATCH($AF2, 各隊total!$A:$A, 0), COLUMN(A1)), "")} -> 0 | BB2: {=IFERROR(INDEX(各隊total!$S:$AB, MATCH($AF2, 各隊total!$A:$A, 0), COLUMN(A1)), "")} -> 126.2 | BC2: {=IFERROR(INDEX(各隊total!$T:$AB, MATCH($AF2, 各隊total!$A:$A, 0), COLUMN(A1)), "")} -> 4.7 | BD2: {=IFERROR(INDEX(各隊total!$U:$AB, MATCH($AF2, 各隊total!$A:$A, 0), COLUMN(A1)), "")} -> .090 | BE2: {=IFERROR(INDEX(各隊total!$V:$AB, MATCH($AF2, 各隊total!$A:$A, 0), COLUMN(A1)), "")} -> 0.50 | BF2: {=IFERROR(INDEX(各隊total!$W:$AB, MATCH($AF2, 各隊total!$A:$A, 0), COLUMN(A1)), "")} -> .137 | BG2: {=IFERROR(INDEX(各隊total!$X:$AB, MATCH($AF2, 各隊total!$A:$A, 0), COLUMN(A1)), "")} -> .261 | BH2: {=IFERROR(INDEX(各隊total!$Y:$AB, MATCH($AF2, 各隊total!$A:$A, 0), COLUMN(A1)), "")} -> 3.80 | BI2: {=IFERROR(INDEX(各隊total!$Z:$AB, MATCH($AF2, 各隊total!$A:$A, 0), COLUMN(A1)), "")} -> 69 | BJ2: {=IFERROR(INDEX(各隊total!$AA:$AB, MATCH($AF2, 各隊total!$A:$A, 0), COLUMN(A1)), "")} -> 1051 | BK2: {=IFERROR(INDEX(各隊total!$AB:$AB, MATCH($AF2, 各隊total!$A:$A, 0), COLUMN(A1)), "")} -> 35.5 | BL2: {=IFERROR(INDEX(各隊total!$C:$AB, MATCH($AF2, 各隊total!$A:$A, 0), COLUMN(AA1)), "")} | BM2: 0 | BN2: 0.18 | BO2: 0 | BP2: 0 | BQ2: 0.25 | BR2: 0 | BS2: 0 | BT2: 0.31 | BU2: 0 | BV2: 0 | BW2: 3 | BX2: 0 | BY2: 0 | BZ2: 2.8 | CA2: 0 | CB2: =AF2 -> 光芒 | CD2: =AG2 -> 27 | CE2: =AL2 -> 923 | CF2: =AM2 -> 132 | CG2: =AN2 -> 238 | CH2: =AO2 -> 38 | CI2: =AP2 -> 5 | CJ2: =AQ2 -> 26 | CK2: =AR2 -> 126 | CL2: =AS2 -> 364 | ... DD2: =BK2 -> 35.5 | DF2: =先發名單!G$2 -> Yandy Diaz | DG2: {=IFERROR(INDEX(球員狀態!$C$2:$C$5000, MATCH(1, (球員狀態!$A$2:$A$5000=$DF$1)*(ISNUMBER(SEARCH($DF2, 球員狀態!$B$2:$B$5000))), 0)), "")} -> 1B | DJ2: {=IFERROR(INDEX(球員狀態!$F$2:$F$5000, MATCH(1, (球員狀態!$A$2:$A$5000=$DF$1)*(ISNUMBER(SEARCH($DF2, 球員狀態!$B$2:$B$5000))), 0)), "")} -> 16 | DK2: {=IFERROR(INDEX(球員狀態!G$2:G$5000, MATCH(1, (球員狀態!$A$2:$A$5000=$DF$1)*(ISNUMBER(SEARCH($DF2, 球員狀態!$B$2:$B$5000))), 0)), "")} -> 35 | DL2: {=IFERROR(INDEX(球員狀態!H$2:H$5000, MATCH(1, (球員狀態!$A$2:$A$5000=$DF$1)*(ISNUMBER(SEARCH($DF2, 球員狀態!$B$2:$B$5000))), 0)), "")} -> 3 | DM2: {=IFERROR(INDEX(球員狀態!I$2:I$5000, MATCH(1, (球員狀態!$A$2:$A$5000=$DF$1)*(ISNUMBER(SEARCH($DF2, 球員狀態!$B$2:$B$5000))), 0)), "")} -> 1 | DN2: {=IFERROR(INDEX(球員狀態!J$2:J$5000, MATCH(1, (球員狀態!$A$2:$A$5000=$DF$1)*(ISNUMBER(SEARCH($DF2, 球員狀態!$B$2:$B$5000))), 0)), "")} -> 4 | DO2: {=IFERROR(INDEX(球員狀態!K$2:K$5000, MATCH(1, (球員狀態!$A$2:$A$5000=$DF$1)*(ISNUMBER(SEARCH($DF2, 球員狀態!$B$2:$B$5000))), 0)), "")} -> 20 | DP2: {=IFERROR(INDEX(球員狀態!L$2:L$5000, MATCH(1, (球員狀態!$A$2:$A$5000=$DF$1)*(ISNUMBER(SEARCH($DF2, 球員狀態!$B$2:$B$5000))), 0)), "")} -> 52 | DQ2: {=IFERROR(INDEX(球員狀態!M$2:M$5000, MATCH(1, (球員狀態!$A$2:$A$5000=$DF$1)*(ISNUMBER(SEARCH($DF2, 球員狀態!$B$2:$B$5000))), 0)), "")} -> 11 | DR2: {=IFERROR(INDEX(球員狀態!N$2:N$5000, MATCH(1, (球員狀態!$A$2:$A$5000=$DF$1)*(ISNUMBER(SEARCH($DF2, 球員狀態!$B$2:$B$5000))), 0)), "")} -> 14 | ... EF2: {=IFERROR(INDEX(球員狀態!AB$2:AB$5000, MATCH(1, (球員狀態!$A$2:$A$5000=$DF$1)*(ISNUMBER(SEARCH($DF2, 球員狀態!$B$2:$B$5000))), 0)), "")} -> 8 | EI2: =先發名單!O$2 -> Taylor Walls | EJ2: {=IFERROR(INDEX(球員狀態!$C$2:$C$5000, MATCH(1, (球員狀態!$A$2:$A$5000=$EI$1)*(ISNUMBER(SEARCH($EI2, 球員狀態!$B$2:$B$5000))), 0)), "")} | EM2: {=IFERROR(INDEX(球員狀態!F$2:F$5000, MATCH(1, (球員狀態!$A$2:$A$5000=$EI$1)*(ISNUMBER(SEARCH($EI2, 球員狀態!$B$2:$B$5000))), 0)), "")} | EN2: {=IFERROR(INDEX(球員狀態!G$2:G$5000, MATCH(1, (球員狀態!$A$2:$A$5000=$EI$1)*(ISNUMBER(SEARCH($EI2, 球員狀態!$B$2:$B$5000))), 0)), "")} | EO2: {=IFERROR(INDEX(球員狀態!H$2:H$5000, MATCH(1, (球員狀態!$A$2:$A$5000=$EI$1)*(ISNUMBER(SEARCH($EI2, 球員狀態!$B$2:$B$5000))), 0)), "")} | EP2: {=IFERROR(INDEX(球員狀態!I$2:I$5000, MATCH(1, (球員狀態!$A$2:$A$5000=$EI$1)*(ISNUMBER(SEARCH($EI2, 球員狀態!$B$2:$B$5000))), 0)), "")} | EQ2: {=IFERROR(INDEX(球員狀態!J$2:J$5000, MATCH(1, (球員狀態!$A$2:$A$5000=$EI$1)*(ISNUMBER(SEARCH($EI2, 球員狀態!$B$2:$B$5000))), 0)), "")} | ER2: {=IFERROR(INDEX(球員狀態!K$2:K$5000, MATCH(1, (球員狀態!$A$2:$A$5000=$EI$1)*(ISNUMBER(SEARCH($EI2, 球員狀態!$B$2:$B$5000))), 0)), "")} | ES2: {=IFERROR(INDEX(球員狀態!L$2:L$5000, MATCH(1, (球員狀態!$A$2:$A$5000=$EI$1)*(ISNUMBER(SEARCH($EI2, 球員狀態!$B$2:$B$5000))), 0)), "")} | ET2: {=IFERROR(INDEX(球員狀態!M$2:M$5000, MATCH(1, (球員狀態!$A$2:$A$5000=$EI$1)*(ISNUMBER(SEARCH($EI2, 球員狀態!$B$2:$B$5000))), 0)), "")} | ... FI2: {=IFERROR(INDEX(球員狀態!AB$2:AB$5000, MATCH(1, (球員狀態!$A$2:$A$5000=$EI$1)*(ISNUMBER(SEARCH($EI2, 球員狀態!$B$2:$B$5000))), 0)), "")} | FK2: 0 | FL2: 3 | FM2: 0 | FN2: 0 | FO2: 1.5 | FP2: 0 | FQ2: 0 | FR2: 1.2 | FS2: 0 | FT2: 0 | FU2: 0.3 | FV2: 0 | FW2: 0 | FX2: 0.2 | FY2: 0
A3: 1 | B3: {=_xlfn._xlws.FILTER(每日數據!A:J, 每日數據!A:A=$A$1&"", "")} -> 20260428 | C3: 06:10 | D3: 0 | E3: 光芒 | F3: 0 | G3: 0.31 | H3: 0 | I3: 守護者 | J3: 1分贏 | K3: 0.69 | L3: {=_xlfn.LET(_xlpm.d,DATE(VALUE(LEFT($A$1,4)),VALUE(MID($A$1,5,2)),VALUE(RIGHT($A$1,2))),INDEX(正負盤!$5:$5,MATCH(1,(MONTH(正負盤!$4:$4)=MONTH(_xlpm.d-2))*(DAY(正負盤!$4:$4)=DAY(_xlpm.d-10)),0)))} -> 六 | M3: {=_xlfn.LET(_xlpm.d,DATE(VALUE(LEFT($A$1,4)),VALUE(MID($A$1,5,2)),VALUE(RIGHT($A$1,2))),INDEX(正負盤!$5:$5,MATCH(1,(MONTH(正負盤!$4:$4)=MONTH(_xlpm.d-2))*(DAY(正負盤!$4:$4)=DAY(_xlpm.d-9)),0)))} -> 日 | N3: {=_xlfn.LET(_xlpm.d,DATE(VALUE(LEFT($A$1,4)),VALUE(MID($A$1,5,2)),VALUE(RIGHT($A$1,2))),INDEX(正負盤!$5:$5,MATCH(1,(MONTH(正負盤!$4:$4)=MONTH(_xlpm.d-2))*(DAY(正負盤!$4:$4)=DAY(_xlpm.d-8)),0)))} -> 一 | O3: {=_xlfn.LET(_xlpm.d,DATE(VALUE(LEFT($A$1,4)),VALUE(MID($A$1,5,2)),VALUE(RIGHT($A$1,2))),INDEX(正負盤!$5:$5,MATCH(1,(MONTH(正負盤!$4:$4)=MONTH(_xlpm.d-2))*(DAY(正負盤!$4:$4)=DAY(_xlpm.d-7)),0)))} -> 二 | P3: {=_xlfn.LET(_xlpm.d,DATE(VALUE(LEFT($A$1,4)),VALUE(MID($A$1,5,2)),VALUE(RIGHT($A$1,2))),INDEX(正負盤!$5:$5,MATCH(1,(MONTH(正負盤!$4:$4)=MONTH(_xlpm.d-2))*(DAY(正負盤!$4:$4)=DAY(_xlpm.d-6)),0)))} -> 三 | Q3: {=_xlfn.LET(_xlpm.d,DATE(VALUE(LEFT($A$1,4)),VALUE(MID($A$1,5,2)),VALUE(RIGHT($A$1,2))),INDEX(正負盤!$5:$5,MATCH(1,(MONTH(正負盤!$4:$4)=MONTH(_xlpm.d-2))*(DAY(正負盤!$4:$4)=DAY(_xlpm.d-5)),0)))} -> 四 | R3: {=_xlfn.LET(_xlpm.d,DATE(VALUE(LEFT($A$1,4)),VALUE(MID($A$1,5,2)),VALUE(RIGHT($A$1,2))),INDEX(正負盤!$5:$5,MATCH(1,(MONTH(正負盤!$4:$4)=MONTH(_xlpm.d-2))*(DAY(正負盤!$4:$4)=DAY(_xlpm.d-4)),0)))} -> 五 | S3: {=_xlfn.LET(_xlpm.d,DATE(VALUE(LEFT($A$1,4)),VALUE(MID($A$1,5,2)),VALUE(RIGHT($A$1,2))),INDEX(正負盤!$5:$5,MATCH(1,(MONTH(正負盤!$4:$4)=MONTH(_xlpm.d-2))*(DAY(正負盤!$4:$4)=DAY(_xlpm.d-3)),0)))} -> 六 | T3: {=_xlfn.LET(_xlpm.d,DATE(VALUE(LEFT($A$1,4)),VALUE(MID($A$1,5,2)),VALUE(RIGHT($A$1,2))),INDEX(正負盤!$5:$5,MATCH(1,(MONTH(正負盤!$4:$4)=MONTH(_xlpm.d-2))*(DAY(正負盤!$4:$4)=DAY(_xlpm.d-2)),0)))} -> 日 | U3: {=_xlfn.LET(_xlpm.d,DATE(VALUE(LEFT($A$1,4)),VALUE(MID($A$1,5,2)),VALUE(RIGHT($A$1,2))),INDEX(正負盤!$5:$5,MATCH(1,(MONTH(正負盤!$4:$4)=MONTH(_xlpm.d-1))*(DAY(正負盤!$4:$4)=DAY(_xlpm.d-1)),0)))} -> 一 | W3: =I3 -> 守護者 | X3: {=_xlfn.LET(_xlpm.s,SUBSTITUTE(Y3,".",""),_xlpm.c,RIGHT(_xlpm.s,1),_xlpm.n,ROW(INDIRECT("1:"&LEN(_xlpm.s))),_xlpm.cnt,MAX(IF(RIGHT(_xlpm.s,_xlpm.n)=REPT(_xlpm.c,_xlpm.n),_xlpm.n,0)),IF(_xlpm.cnt>=2,_xlpm.cnt&"連"&_xlpm.c,"1"&_xlpm.c))} -> 2連X | Y3: {=INDEX(各隊正負!$F:$F, MATCH("*"&$W3&"*", 各隊正負!$A:$A, 0)+6)} -> X.O.X.O.O.X.O.O.X.X | AB3: {=INDEX(各隊正負!$F:$F, MATCH("*"&$W3&"*", 各隊正負!$A:$A, 0)+4)} -> L.W.L.W.W.L.W.W.L.L | AE3: {=_xlfn.LET(_xlpm.s,SUBSTITUTE(AB3,".",""),_xlpm.c,RIGHT(_xlpm.s,1),_xlpm.n,ROW(INDIRECT("1:"&LEN(_xlpm.s))),_xlpm.cnt,MAX(IF(RIGHT(_xlpm.s,_xlpm.n)=REPT(_xlpm.c,_xlpm.n),_xlpm.n,0)),_xlpm.suffix,IF(_xlpm.c="W","勝","敗"),IF(_xlpm.cnt>=2,_xlpm.cnt&"連"&_xlpm.suffix,"1"&_xlpm.suffix))} -> 2連敗 | AF3: =I3 -> 守護者 | AG3: {=IFERROR(INDEX(各隊total!$B:$AB, MATCH($AF3, 各隊total!$A:$A, 0), COLUMN(A2)), "")} -> 29 | AH3: =CB5 -> 4 | AI3: =VLOOKUP(AH3*1, BV$15:BX$25, 3, TRUE) -> B- | AJ3: =CC5 -> 5.55 | AK3: =VLOOKUP(AJ3*1, BY$15:CA$25, 3, TRUE) -> A | AL3: {=IFERROR(INDEX(各隊total!$C:$AB, MATCH($AF3, 各隊total!$A:$A, 0), COLUMN(A2)), "")} -> 947 | AM3: {=IFERROR(INDEX(各隊total!$D:$AB, MATCH($AF3, 各隊total!$A:$A, 0), COLUMN(A2)), "")} -> 118 | AN3: {=IFERROR(INDEX(各隊total!$E:$AB, MATCH($AF3, 各隊total!$A:$A, 0), COLUMN(A2)), "")} -> 219 | AO3: {=IFERROR(INDEX(各隊total!$F:$AB, MATCH($AF3, 各隊total!$A:$A, 0), COLUMN(A2)), "")} -> 49 | AP3: {=IFERROR(INDEX(各隊total!$G:$AB, MATCH($AF3, 各隊total!$A:$A, 0), COLUMN(A2)), "")} -> 1 | AQ3: {=IFERROR(INDEX(各隊total!$H:$AB, MATCH($AF3, 各隊total!$A:$A, 0), COLUMN(A2)), "")} -> 30 | AR3: {=IFERROR(INDEX(各隊total!$I:$AB, MATCH($AF3, 各隊total!$A:$A, 0), COLUMN(A2)), "")} -> 113 | AS3: {=IFERROR(INDEX(各隊total!$J:$AB, MATCH($AF3, 各隊total!$A:$A, 0), COLUMN(A2)), "")} -> 360 | AT3: {=IFERROR(INDEX(各隊total!$K:$AB, MATCH($AF3, 各隊total!$A:$A, 0), COLUMN(A2)), "")} -> 114 | AU3: {=IFERROR(INDEX(各隊total!$L:$AB, MATCH($AF3, 各隊total!$A:$A, 0), COLUMN(A2)), "")} -> 228 | AV3: {=IFERROR(INDEX(各隊total!$M:$AB, MATCH($AF3, 各隊total!$A:$A, 0), COLUMN(A2)), "")} -> 20 | AW3: {=IFERROR(INDEX(各隊total!$N:$AB, MATCH($AF3, 各隊total!$A:$A, 0), COLUMN(A2)), "")} -> .231 | AX3: {=IFERROR(INDEX(各隊total!$O:$AB, MATCH($AF3, 各隊total!$A:$A, 0), COLUMN(A2)), "")} -> .319 | AY3: {=IFERROR(INDEX(各隊total!$P:$AB, MATCH($AF3, 各隊total!$A:$A, 0), COLUMN(A2)), "")} -> .380 | AZ3: {=IFERROR(INDEX(各隊total!$Q:$AB, MATCH($AF3, 各隊total!$A:$A, 0), COLUMN(A2)), "")} -> .699 | BA3: {=IFERROR(INDEX(各隊total!$R:$AB, MATCH($AF3, 各隊total!$A:$A, 0), COLUMN(A2)), "")} -> 0 | BB3: {=IFERROR(INDEX(各隊total!$S:$AB, MATCH($AF3, 各隊total!$A:$A, 0), COLUMN(A2)), "")} -> 117.4 | BC3: {=IFERROR(INDEX(各隊total!$T:$AB, MATCH($AF3, 各隊total!$A:$A, 0), COLUMN(A2)), "")} -> 4.2 | BD3: {=IFERROR(INDEX(各隊total!$U:$AB, MATCH($AF3, 各隊total!$A:$A, 0), COLUMN(A2)), "")} -> .106 | BE3: {=IFERROR(INDEX(各隊total!$V:$AB, MATCH($AF3, 各隊total!$A:$A, 0), COLUMN(A2)), "")} -> 0.50 | BF3: {=IFERROR(INDEX(各隊total!$W:$AB, MATCH($AF3, 各隊total!$A:$A, 0), COLUMN(A2)), "")} -> .149 | BG3: {=IFERROR(INDEX(各隊total!$X:$AB, MATCH($AF3, 各隊total!$A:$A, 0), COLUMN(A2)), "")} -> .283 | BH3: {=IFERROR(INDEX(各隊total!$Y:$AB, MATCH($AF3, 各隊total!$A:$A, 0), COLUMN(A2)), "")} -> 4.17 | BI3: {=IFERROR(INDEX(各隊total!$Z:$AB, MATCH($AF3, 各隊total!$A:$A, 0), COLUMN(A2)), "")} -> 80 | BJ3: {=IFERROR(INDEX(各隊total!$AA:$AB, MATCH($AF3, 各隊total!$A:$A, 0), COLUMN(A2)), "")} -> 1076 | BK3: {=IFERROR(INDEX(各隊total!$AB:$AB, MATCH($AF3, 各隊total!$A:$A, 0), COLUMN(A2)), "")} -> 31.6 | BL3: {=IFERROR(INDEX(各隊total!$C:$AB, MATCH($AF3, 各隊total!$A:$A, 0), COLUMN(AA2)), "")} | BM3: 0.181 | BN3: 0.2 | BO3: 1 | BP3: 0.251 | BQ3: 0.27 | BR3: 1 | BS3: 0.311 | BT3: 0.34 | BU3: 1 | BV3: 3.1 | BW3: 3.4 | BX3: 1 | BY3: 2.9 | BZ3: 3.2 | CA3: 1 | CB3: =CF3+CJ3+CK3+CM3+CO3+CP3+CQ3+CR3 -> 4.8 | CC3: =CU3+CV3+CY3+CZ3+DA3 -> 4.25 | CF3: =VLOOKUP(ROUND(CF2/CD2, 2), $BV$2:$BX$12, 3, TRUE)*BX$1 -> 0.75 | CJ3: =VLOOKUP(ROUND(CJ2/CD2, 2), $BM$15:$BO$25, 3, TRUE)*BO$14 -> 0.3 | CK3: =VLOOKUP(ROUND(CK2/CD2, 2), $BY$2:$CA$12, 3, TRUE)*CA$1 -> 0.5 | CM3: =VLOOKUP(ROUND(CM2/CN2, 2), $BP$15:$BR$25, 3, TRUE)*BR$14 -> 0.6 | CO3: =VLOOKUP(ROUND(CO2/CD2, 2), $BS$15:$BU$25, 3, TRUE)*BU$14 -> 0.35 | CP3: =VLOOKUP(CP2*1, BM$2:BO$12, 3, TRUE)*BO$1 -> 0.5 | CQ3: =VLOOKUP(CQ2*1, BP$2:BR$12, 3, TRUE)*BR$1 -> 1.2 | CR3: =VLOOKUP(CR2*1, BS$2:BU$12, 3, TRUE)*BU$1 -> 0.6 | CU3: =VLOOKUP(CU2*1, BM$28:BO$38, 3, TRUE)*BO$27 -> 0.9 | CV3: =VLOOKUP(CV2*1, BP$28:BR$38, 3, TRUE)*BR$27 -> 1.75 | CY3: =VLOOKUP(CY2*1, BS$28:BU$38, 3, TRUE)*BU$27 -> 0.6 | CZ3: =VLOOKUP(CZ2*1, BV$28:BX$38, 3, TRUE)*BX$27 -> 0.6 | DA3: =VLOOKUP(DA2*1, BY$28:CA$38, 3, TRUE)*CA$27 -> 0.4 | DH3: =DJ3+DL3+DM3+DN3+DO3-DP3-DQ3+DR3 -> 2.8 | DI3: =DU3+DX3+EA3+ED3+EE3+EF3 -> 5 | DJ3: =VLOOKUP(DJ2*1, $FK$2:$FM$12, 3, TRUE)*$FM$1 -> 1.5 | DL3: =VLOOKUP(DL2*1, $FN$2:$FP$12, 3, TRUE)*$FP$1 -> 0.3 | DM3: =VLOOKUP(DM2*1, $FQ$2:$FS$12, 3, TRUE)*$FS$1 -> 0 | DN3: =VLOOKUP(DN2*1, $FT$2:$FV$12, 3, TRUE)*$FV$1 -> 1 | DO3: =VLOOKUP(DO2*1, $FW$2:$FY$12, 3, TRUE)*$FY$1 -> 0.5 | DP3: =VLOOKUP(DP2*1, $FK$14:$FM$25, 3, TRUE)*$FM$14 -> 1 | DQ3: =VLOOKUP(DQ2*1, $FN$14:$FP$25, 3, TRUE)*$FP$14 -> 1 | DR3: =VLOOKUP(DR2*1, $FQ$14:$FS$25, 3, TRUE)*$FS$14 -> 1.5 | DU3: =VLOOKUP(DU2*1, $FK$27:$FM$38, 3, TRUE)*$FM$27 -> 0 | DX3: =VLOOKUP(DX2*1, $FN$27:$FP$38, 3, TRUE)*$FP$27 -> 0 | EA3: =VLOOKUP(EA2*1, $FQ$27:$FS$38, 3, TRUE)*$FS$27 -> 0 | ED3: =VLOOKUP(ED2*1, $FT$27:$FV$38, 3, TRUE)*$FV$27 -> 0 | EE3: =VLOOKUP(EE2*1, $FW$27:$FY$38, 3, TRUE)*$FY$27 -> 1.5 | EF3: =VLOOKUP(EF2*1, $FK$40:$FM$51, 3, TRUE)*$FM$40 -> 3.5 | EK3: =EM3+EO3+EP3+EQ3+ER3-ES3-ET3+EU3 -> #VALUE! | EL3: =EX3+FA3+FD3+FG3+FH3+FI3 -> #VALUE! | EM3: =VLOOKUP(EM2*1, $FK$2:$FM$12, 3, TRUE)*$FM$1 -> #VALUE! | EO3: =VLOOKUP(EO2*1, $FN$2:$FP$12, 3, TRUE)*$FP$1 -> #VALUE! | EP3: =VLOOKUP(EP2*1, $FQ$2:$FS$12, 3, TRUE)*$FS$1 -> #VALUE! | EQ3: =VLOOKUP(EQ2*1, $FT$2:$FV$12, 3, TRUE)*$FV$1 -> #VALUE! | ER3: =VLOOKUP(ER2*1, $FW$2:$FY$12, 3, TRUE)*$FY$1 -> #VALUE! | ES3: =VLOOKUP(ES2*1, $FK$14:$FM$25, 3, TRUE)*$FM$14 -> #VALUE! | ET3: =VLOOKUP(ET2*1, $FN$14:$FP$25, 3, TRUE)*$FP$14 -> #VALUE! | EU3: =VLOOKUP(EU2*1, $FQ$14:$FS$25, 3, TRUE)*$FS$14 -> #VALUE! | EX3: =VLOOKUP(EX2*1, $FK$27:$FM$38, 3, TRUE)*$FM$27 -> #VALUE! | FA3: =VLOOKUP(FA2*1, $FN$27:$FP$38, 3, TRUE)*$FP$27 -> #VALUE! | FD3: =VLOOKUP(FD2*1, $FQ$27:$FS$38, 3, TRUE)*$FS$27 -> #VALUE! | FG3: =VLOOKUP(FG2*1, $FT$27:$FV$38, 3, TRUE)*$FV$27 -> #VALUE! | FH3: =VLOOKUP(FH2*1, $FW$27:$FY$38, 3, TRUE)*$FY$27 -> #VALUE! | FI3: =VLOOKUP(FI2*1, $FK$40:$FM$51, 3, TRUE)*$FM$40 -> #VALUE! | FK3: 3.1 | FL3: 5.5 | FM3: 1 | FN3: 1.6 | FO3: 2.5 | FP3: 1 | FQ3: 1.3 | FR3: 2.2 | FS3: 1 | FT3: 0.31 | FU3: 0.5 | FV3: 1 | FW3: 0.21 | FX3: 0.4 | FY3: 1
A4: 2 | B4: 20260428 | C4: 06:40 | D4: 0 | E4: 紅雀 | F4: 0 | G4: 0.29 | H4: 0 | I4: 海盜 | J4: 1分贏 | K4: 0.71 | L4: {=IFERROR(SUBSTITUTE(INDEX(正負盤!$6:$20, ROW(A1), MATCH(1, (MONTH(正負盤!$4:$4)=MONTH(DATE(LEFT($A$1,4),MID($A$1,5,2),RIGHT($A$1,2))-10))*(DAY(正負盤!$4:$4)=DAY(DATE(LEFT($A$1,4),MID($A$1,5,2),RIGHT($A$1,2))-10)), 0)), 0, "-"), "")} -> O | M4: {=IFERROR(SUBSTITUTE(INDEX(正負盤!$6:$20, ROW(A1), MATCH(1, (MONTH(正負盤!$4:$4)=MONTH(DATE(LEFT($A$1,4),MID($A$1,5,2),RIGHT($A$1,2))-9))*(DAY(正負盤!$4:$4)=DAY(DATE(LEFT($A$1,4),MID($A$1,5,2),RIGHT($A$1,2))-9)), 0)), 0, "-"), "")} -> O | N4: {=IFERROR(SUBSTITUTE(INDEX(正負盤!$6:$20, ROW(A1), MATCH(1, (MONTH(正負盤!$4:$4)=MONTH(DATE(LEFT($A$1,4),MID($A$1,5,2),RIGHT($A$1,2))-8))*(DAY(正負盤!$4:$4)=DAY(DATE(LEFT($A$1,4),MID($A$1,5,2),RIGHT($A$1,2))-8)), 0)), 0, "-"), "")} -> X | O4: {=IFERROR(SUBSTITUTE(INDEX(正負盤!$6:$20, ROW(A1), MATCH(1, (MONTH(正負盤!$4:$4)=MONTH(DATE(LEFT($A$1,4),MID($A$1,5,2),RIGHT($A$1,2))-7))*(DAY(正負盤!$4:$4)=DAY(DATE(LEFT($A$1,4),MID($A$1,5,2),RIGHT($A$1,2))-7)), 0)), 0, "-"), "")} -> X | P4: {=IFERROR(SUBSTITUTE(INDEX(正負盤!$6:$20, ROW(A1), MATCH(1, (MONTH(正負盤!$4:$4)=MONTH(DATE(LEFT($A$1,4),MID($A$1,5,2),RIGHT($A$1,2))-6))*(DAY(正負盤!$4:$4)=DAY(DATE(LEFT($A$1,4),MID($A$1,5,2),RIGHT($A$1,2))-6)), 0)), 0, "-"), "")} -> O | Q4: {=IFERROR(SUBSTITUTE(INDEX(正負盤!$6:$20, ROW(A1), MATCH(1, (MONTH(正負盤!$4:$4)=MONTH(DATE(LEFT($A$1,4),MID($A$1,5,2),RIGHT($A$1,2))-5))*(DAY(正負盤!$4:$4)=DAY(DATE(LEFT($A$1,4),MID($A$1,5,2),RIGHT($A$1,2))-5)), 0)), 0, "-"), "")} | R4: {=IFERROR(SUBSTITUTE(INDEX(正負盤!$6:$20, ROW(A1), MATCH(1, (MONTH(正負盤!$4:$4)=MONTH(DATE(LEFT($A$1,4),MID($A$1,5,2),RIGHT($A$1,2))-4))*(DAY(正負盤!$4:$4)=DAY(DATE(LEFT($A$1,4),MID($A$1,5,2),RIGHT($A$1,2))-4)), 0)), 0, "-"), "")} -> O | S4: {=IFERROR(SUBSTITUTE(INDEX(正負盤!$6:$20, ROW(A1), MATCH(1, (MONTH(正負盤!$4:$4)=MONTH(DATE(LEFT($A$1,4),MID($A$1,5,2),RIGHT($A$1,2))-3))*(DAY(正負盤!$4:$4)=DAY(DATE(LEFT($A$1,4),MID($A$1,5,2),RIGHT($A$1,2))-3)), 0)), 0, "-"), "")} -> X | T4: {=IFERROR(SUBSTITUTE(INDEX(正負盤!$6:$20, ROW(A1), MATCH(1, (MONTH(正負盤!$4:$4)=MONTH(DATE(LEFT($A$1,4),MID($A$1,5,2),RIGHT($A$1,2))-2))*(DAY(正負盤!$4:$4)=DAY(DATE(LEFT($A$1,4),MID($A$1,5,2),RIGHT($A$1,2))-2)), 0)), 0, "-"), "")} -> X | U4: {=IFERROR(SUBSTITUTE(INDEX(正負盤!$6:$20, ROW(A1), MATCH(1, (MONTH(正負盤!$4:$4)=MONTH(DATE(LEFT($A$1,4),MID($A$1,5,2),RIGHT($A$1,2))-1))*(DAY(正負盤!$4:$4)=DAY(DATE(LEFT($A$1,4),MID($A$1,5,2),RIGHT($A$1,2))-1)), 0)), 0, "-"), "")} -> X | V4: =C4 -> 06:40 | W4: =E4 -> 紅雀 | X4: {=_xlfn.LET(_xlpm.s,SUBSTITUTE(Y4,".",""),_xlpm.c,RIGHT(_xlpm.s,1),_xlpm.n,ROW(INDIRECT("1:"&LEN(_xlpm.s))),_xlpm.cnt,MAX(IF(RIGHT(_xlpm.s,_xlpm.n)=REPT(_xlpm.c,_xlpm.n),_xlpm.n,0)),IF(_xlpm.cnt>=2,_xlpm.cnt&"連"&_xlpm.c,"1"&_xlpm.c))} -> 3連X | Y4: {=INDEX(各隊正負!$F:$F, MATCH("*"&$W4&"*", 各隊正負!$A:$A, 0)+6)} -> O.O.O.O.O.X.O.X.X.X | AB4: {=INDEX(各隊正負!$F:$F, MATCH("*"&$W4&"*", 各隊正負!$A:$A, 0)+4)} -> W.W.W.W.W.L.W.L.L.L | AE4: {=_xlfn.LET(_xlpm.s,SUBSTITUTE(AB4,".",""),_xlpm.c,RIGHT(_xlpm.s,1),_xlpm.n,ROW(INDIRECT("1:"&LEN(_xlpm.s))),_xlpm.cnt,MAX(IF(RIGHT(_xlpm.s,_xlpm.n)=REPT(_xlpm.c,_xlpm.n),_xlpm.n,0)),_xlpm.suffix,IF(_xlpm.c="W","勝","敗"),IF(_xlpm.cnt>=2,_xlpm.cnt&"連"&_xlpm.suffix,"1"&_xlpm.suffix))} -> 3連敗 | AF4: =E4 -> 紅雀 | AG4: {=IFERROR(INDEX(各隊total!$B:$AB, MATCH($AF4, 各隊total!$A:$A, 0), COLUMN(A3)), "")} -> 27 | AH4: =CB7 -> 4.5 | AI4: =VLOOKUP(AH4*1, BV$15:BX$25, 3, TRUE) -> B | AJ4: =CC7 -> 4.35 | AK4: =VLOOKUP(AJ4*1, BY$15:CA$25, 3, TRUE) -> B | AL4: {=IFERROR(INDEX(各隊total!$C:$AB, MATCH($AF4, 各隊total!$A:$A, 0), COLUMN(A3)), "")} -> 901 | AM4: {=IFERROR(INDEX(各隊total!$D:$AB, MATCH($AF4, 各隊total!$A:$A, 0), COLUMN(A3)), "")} -> 125 | AN4: {=IFERROR(INDEX(各隊total!$E:$AB, MATCH($AF4, 各隊total!$A:$A, 0), COLUMN(A3)), "")} -> 212 | AO4: {=IFERROR(INDEX(各隊total!$F:$AB, MATCH($AF4, 各隊total!$A:$A, 0), COLUMN(A3)), "")} -> 35 | AP4: {=IFERROR(INDEX(各隊total!$G:$AB, MATCH($AF4, 各隊total!$A:$A, 0), COLUMN(A3)), "")} -> 1 | AQ4: {=IFERROR(INDEX(各隊total!$H:$AB, MATCH($AF4, 各隊total!$A:$A, 0), COLUMN(A3)), "")} -> 34 | AR4: {=IFERROR(INDEX(各隊total!$I:$AB, MATCH($AF4, 各隊total!$A:$A, 0), COLUMN(A3)), "")} -> 122 | AS4: {=IFERROR(INDEX(各隊total!$J:$AB, MATCH($AF4, 各隊total!$A:$A, 0), COLUMN(A3)), "")} -> 351 | AT4: {=IFERROR(INDEX(各隊total!$K:$AB, MATCH($AF4, 各隊total!$A:$A, 0), COLUMN(A3)), "")} -> 101 | AU4: {=IFERROR(INDEX(各隊total!$L:$AB, MATCH($AF4, 各隊total!$A:$A, 0), COLUMN(A3)), "")} -> 225 | AV4: {=IFERROR(INDEX(各隊total!$M:$AB, MATCH($AF4, 各隊total!$A:$A, 0), COLUMN(A3)), "")} -> 20 | AW4: {=IFERROR(INDEX(各隊total!$N:$AB, MATCH($AF4, 各隊total!$A:$A, 0), COLUMN(A3)), "")} -> .235 | AX4: {=IFERROR(INDEX(各隊total!$O:$AB, MATCH($AF4, 各隊total!$A:$A, 0), COLUMN(A3)), "")} -> .324 | AY4: {=IFERROR(INDEX(各隊total!$P:$AB, MATCH($AF4, 各隊total!$A:$A, 0), COLUMN(A3)), "")} -> .390 | AZ4: {=IFERROR(INDEX(各隊total!$Q:$AB, MATCH($AF4, 各隊total!$A:$A, 0), COLUMN(A3)), "")} -> .713 | BA4: {=IFERROR(INDEX(各隊total!$R:$AB, MATCH($AF4, 各隊total!$A:$A, 0), COLUMN(A3)), "")} -> 0 | BB4: {=IFERROR(INDEX(各隊total!$S:$AB, MATCH($AF4, 各隊total!$A:$A, 0), COLUMN(A3)), "")} -> 118.2 | BC4: {=IFERROR(INDEX(各隊total!$T:$AB, MATCH($AF4, 各隊total!$A:$A, 0), COLUMN(A3)), "")} -> 4.3 | BD4: {=IFERROR(INDEX(各隊total!$U:$AB, MATCH($AF4, 各隊total!$A:$A, 0), COLUMN(A3)), "")} -> .097 | BE4: {=IFERROR(INDEX(各隊total!$V:$AB, MATCH($AF4, 各隊total!$A:$A, 0), COLUMN(A3)), "")} -> 0.45 | BF4: {=IFERROR(INDEX(各隊total!$W:$AB, MATCH($AF4, 各隊total!$A:$A, 0), COLUMN(A3)), "")} -> .154 | BG4: {=IFERROR(INDEX(各隊total!$X:$AB, MATCH($AF4, 各隊total!$A:$A, 0), COLUMN(A3)), "")} -> .283 | BH4: {=IFERROR(INDEX(各隊total!$Y:$AB, MATCH($AF4, 各隊total!$A:$A, 0), COLUMN(A3)), "")} -> 3.84 | BI4: {=IFERROR(INDEX(各隊total!$Z:$AB, MATCH($AF4, 各隊total!$A:$A, 0), COLUMN(A3)), "")} -> 70 | BJ4: {=IFERROR(INDEX(各隊total!$AA:$AB, MATCH($AF4, 各隊total!$A:$A, 0), COLUMN(A3)), "")} -> 1045 | BK4: {=IFERROR(INDEX(各隊total!$AB:$AB, MATCH($AF4, 各隊total!$A:$A, 0), COLUMN(A3)), "")} -> 26.5 | BL4: {=IFERROR(INDEX(各隊total!$C:$AB, MATCH($AF4, 各隊total!$A:$A, 0), COLUMN(AA3)), "")} | BM4: 0.201 | BN4: 0.215 | BO4: 2 | BP4: 0.271 | BQ4: 0.285 | BR4: 2 | BS4: 0.341 | BT4: 0.37 | BU4: 2 | BV4: 3.5 | BW4: 3.8 | BX4: 2 | BY4: 3.3 | BZ4: 3.6 | CA4: 2 | CB4: =AF3 -> 守護者 | CD4: =AG3 -> 29 | CE4: =AL3 -> 947 | CF4: =AM3 -> 118 | CG4: =AN3 -> 219 | CH4: =AO3 -> 49 | CI4: =AP3 -> 1 | CJ4: =AQ3 -> 30 | CK4: =AR3 -> 113 | CL4: =AS3 -> 360 | ... DD4: =BK3 -> 31.6 | DF4: =先發名單!H$2 -> J. Aranda | DG4: {=IFERROR(INDEX(球員狀態!$C$2:$C$5000, MATCH(1, (球員狀態!$A$2:$A$5000=$DF$1)*(ISNUMBER(SEARCH($DF4, 球員狀態!$B$2:$B$5000))), 0)), "")} | DJ4: {=IFERROR(INDEX(球員狀態!$F$2:$F$5000, MATCH(1, (球員狀態!$A$2:$A$5000=$DF$1)*(ISNUMBER(SEARCH($DF4, 球員狀態!$B$2:$B$5000))), 0)), "")} | DK4: {=IFERROR(INDEX(球員狀態!$G$2:$G$5000, MATCH(1, (球員狀態!$A$2:$A$5000=$DF$1)*(ISNUMBER(SEARCH($DF4, 球員狀態!$B$2:$B$5000))), 0)), "")} | DL4: {=IFERROR(INDEX(球員狀態!H$2:H$5000, MATCH(1, (球員狀態!$A$2:$A$5000=$DF$1)*(ISNUMBER(SEARCH($DF4, 球員狀態!$B$2:$B$5000))), 0)), "")} | DM4: {=IFERROR(INDEX(球員狀態!I$2:I$5000, MATCH(1, (球員狀態!$A$2:$A$5000=$DF$1)*(ISNUMBER(SEARCH($DF4, 球員狀態!$B$2:$B$5000))), 0)), "")} | DN4: {=IFERROR(INDEX(球員狀態!J$2:J$5000, MATCH(1, (球員狀態!$A$2:$A$5000=$DF$1)*(ISNUMBER(SEARCH($DF4, 球員狀態!$B$2:$B$5000))), 0)), "")} | DO4: {=IFERROR(INDEX(球員狀態!K$2:K$5000, MATCH(1, (球員狀態!$A$2:$A$5000=$DF$1)*(ISNUMBER(SEARCH($DF4, 球員狀態!$B$2:$B$5000))), 0)), "")} | DP4: {=IFERROR(INDEX(球員狀態!L$2:L$5000, MATCH(1, (球員狀態!$A$2:$A$5000=$DF$1)*(ISNUMBER(SEARCH($DF4, 球員狀態!$B$2:$B$5000))), 0)), "")} | DQ4: {=IFERROR(INDEX(球員狀態!M$2:M$5000, MATCH(1, (球員狀態!$A$2:$A$5000=$DF$1)*(ISNUMBER(SEARCH($DF4, 球員狀態!$B$2:$B$5000))), 0)), "")} | DR4: {=IFERROR(INDEX(球員狀態!N$2:N$5000, MATCH(1, (球員狀態!$A$2:$A$5000=$DF$1)*(ISNUMBER(SEARCH($DF4, 球員狀態!$B$2:$B$5000))), 0)), "")} | DS4: {=IFERROR(INDEX(球員狀態!O$2:O$5000, MATCH(1, (球員狀態!$A$2:$A$5000=$DF$1)*(ISNUMBER(SEARCH($DF4, 球員狀態!$B$2:$B$5000))), 0)), "")} | ... EF4: {=IFERROR(INDEX(球員狀態!AB$2:AB$5000, MATCH(1, (球員狀態!$A$2:$A$5000=$DF$1)*(ISNUMBER(SEARCH($DF4, 球員狀態!$B$2:$B$5000))), 0)), "")} | EI4: =先發名單!P$2 -> Steven Kwan | EJ4: {=IFERROR(INDEX(球員狀態!$C$2:$C$5000, MATCH(1, (球員狀態!$A$2:$A$5000=$EI$1)*(ISNUMBER(SEARCH($EI4, 球員狀態!$B$2:$B$5000))), 0)), "")} -> LF | EM4: {=IFERROR(INDEX(球員狀態!F$2:F$5000, MATCH(1, (球員狀態!$A$2:$A$5000=$EI$1)*(ISNUMBER(SEARCH($EI4, 球員狀態!$B$2:$B$5000))), 0)), "")} -> 10 | EN4: {=IFERROR(INDEX(球員狀態!G$2:G$5000, MATCH(1, (球員狀態!$A$2:$A$5000=$EI$1)*(ISNUMBER(SEARCH($EI4, 球員狀態!$B$2:$B$5000))), 0)), "")} -> 23 | EO4: {=IFERROR(INDEX(球員狀態!H$2:H$5000, MATCH(1, (球員狀態!$A$2:$A$5000=$EI$1)*(ISNUMBER(SEARCH($EI4, 球員狀態!$B$2:$B$5000))), 0)), "")} -> 3 | EP4: {=IFERROR(INDEX(球員狀態!I$2:I$5000, MATCH(1, (球員狀態!$A$2:$A$5000=$EI$1)*(ISNUMBER(SEARCH($EI4, 球員狀態!$B$2:$B$5000))), 0)), "")} -> 0 | EQ4: {=IFERROR(INDEX(球員狀態!J$2:J$5000, MATCH(1, (球員狀態!$A$2:$A$5000=$EI$1)*(ISNUMBER(SEARCH($EI4, 球員狀態!$B$2:$B$5000))), 0)), "")} -> 1 | ER4: {=IFERROR(INDEX(球員狀態!K$2:K$5000, MATCH(1, (球員狀態!$A$2:$A$5000=$EI$1)*(ISNUMBER(SEARCH($EI4, 球員狀態!$B$2:$B$5000))), 0)), "")} -> 8 | ES4: {=IFERROR(INDEX(球員狀態!L$2:L$5000, MATCH(1, (球員狀態!$A$2:$A$5000=$EI$1)*(ISNUMBER(SEARCH($EI4, 球員狀態!$B$2:$B$5000))), 0)), "")} -> 29 | ET4: {=IFERROR(INDEX(球員狀態!M$2:M$5000, MATCH(1, (球員狀態!$A$2:$A$5000=$EI$1)*(ISNUMBER(SEARCH($EI4, 球員狀態!$B$2:$B$5000))), 0)), "")} -> 12 | ... FI4: {=IFERROR(INDEX(球員狀態!AB$2:AB$5000, MATCH(1, (球員狀態!$A$2:$A$5000=$EI$1)*(ISNUMBER(SEARCH($EI4, 球員狀態!$B$2:$B$5000))), 0)), "")} -> 4 | FK4: 5.6 | FL4: 8 | FM4: 2 | FN4: 2.6 | FO4: 3.5 | FP4: 2 | FQ4: 2.3 | FR4: 3.2 | FS4: 2 | FT4: 0.51 | FU4: 0.7 | FV4: 2 | FW4: 0.41 | FX4: 0.6 | FY4: 2
A5: 3 | B5: 20260428 | C5: 07:07 | D5: 0 | E5: 紅襪 | F5: 0 | G5: 0.26 | H5: 0 | I5: 藍鳥 | J5: 1分贏 | K5: 0.74 | L5: {=IFERROR(SUBSTITUTE(INDEX(正負盤!$6:$20, ROW(A2), MATCH(1, (MONTH(正負盤!$4:$4)=MONTH(DATE(LEFT($A$1,4),MID($A$1,5,2),RIGHT($A$1,2))-10))*(DAY(正負盤!$4:$4)=DAY(DATE(LEFT($A$1,4),MID($A$1,5,2),RIGHT($A$1,2))-10)), 0)), 0, "-"), "")} -> X | M5: {=IFERROR(SUBSTITUTE(INDEX(正負盤!$6:$20, ROW(A2), MATCH(1, (MONTH(正負盤!$4:$4)=MONTH(DATE(LEFT($A$1,4),MID($A$1,5,2),RIGHT($A$1,2))-9))*(DAY(正負盤!$4:$4)=DAY(DATE(LEFT($A$1,4),MID($A$1,5,2),RIGHT($A$1,2))-9)), 0)), 0, "-"), "")} -> X | N5: {=IFERROR(SUBSTITUTE(INDEX(正負盤!$6:$20, ROW(A2), MATCH(1, (MONTH(正負盤!$4:$4)=MONTH(DATE(LEFT($A$1,4),MID($A$1,5,2),RIGHT($A$1,2))-8))*(DAY(正負盤!$4:$4)=DAY(DATE(LEFT($A$1,4),MID($A$1,5,2),RIGHT($A$1,2))-8)), 0)), 0, "-"), "")} -> O | O5: {=IFERROR(SUBSTITUTE(INDEX(正負盤!$6:$20, ROW(A2), MATCH(1, (MONTH(正負盤!$4:$4)=MONTH(DATE(LEFT($A$1,4),MID($A$1,5,2),RIGHT($A$1,2))-7))*(DAY(正負盤!$4:$4)=DAY(DATE(LEFT($A$1,4),MID($A$1,5,2),RIGHT($A$1,2))-7)), 0)), 0, "-"), "")} -> X | P5: {=IFERROR(SUBSTITUTE(INDEX(正負盤!$6:$20, ROW(A2), MATCH(1, (MONTH(正負盤!$4:$4)=MONTH(DATE(LEFT($A$1,4),MID($A$1,5,2),RIGHT($A$1,2))-6))*(DAY(正負盤!$4:$4)=DAY(DATE(LEFT($A$1,4),MID($A$1,5,2),RIGHT($A$1,2))-6)), 0)), 0, "-"), "")} -> X | Q5: {=IFERROR(SUBSTITUTE(INDEX(正負盤!$6:$20, ROW(A2), MATCH(1, (MONTH(正負盤!$4:$4)=MONTH(DATE(LEFT($A$1,4),MID($A$1,5,2),RIGHT($A$1,2))-5))*(DAY(正負盤!$4:$4)=DAY(DATE(LEFT($A$1,4),MID($A$1,5,2),RIGHT($A$1,2))-5)), 0)), 0, "-"), "")} | R5: {=IFERROR(SUBSTITUTE(INDEX(正負盤!$6:$20, ROW(A2), MATCH(1, (MONTH(正負盤!$4:$4)=MONTH(DATE(LEFT($A$1,4),MID($A$1,5,2),RIGHT($A$1,2))-4))*(DAY(正負盤!$4:$4)=DAY(DATE(LEFT($A$1,4),MID($A$1,5,2),RIGHT($A$1,2))-4)), 0)), 0, "-"), "")} -> X | S5: {=IFERROR(SUBSTITUTE(INDEX(正負盤!$6:$20, ROW(A2), MATCH(1, (MONTH(正負盤!$4:$4)=MONTH(DATE(LEFT($A$1,4),MID($A$1,5,2),RIGHT($A$1,2))-3))*(DAY(正負盤!$4:$4)=DAY(DATE(LEFT($A$1,4),MID($A$1,5,2),RIGHT($A$1,2))-3)), 0)), 0, "-"), "")} -> O | T5: {=IFERROR(SUBSTITUTE(INDEX(正負盤!$6:$20, ROW(A2), MATCH(1, (MONTH(正負盤!$4:$4)=MONTH(DATE(LEFT($A$1,4),MID($A$1,5,2),RIGHT($A$1,2))-2))*(DAY(正負盤!$4:$4)=DAY(DATE(LEFT($A$1,4),MID($A$1,5,2),RIGHT($A$1,2))-2)), 0)), 0, "-"), "")} -> O | U5: {=IFERROR(SUBSTITUTE(INDEX(正負盤!$6:$20, ROW(A2), MATCH(1, (MONTH(正負盤!$4:$4)=MONTH(DATE(LEFT($A$1,4),MID($A$1,5,2),RIGHT($A$1,2))-1))*(DAY(正負盤!$4:$4)=DAY(DATE(LEFT($A$1,4),MID($A$1,5,2),RIGHT($A$1,2))-1)), 0)), 0, "-"), "")} -> O | W5: =I4 -> 海盜 | X5: {=_xlfn.LET(_xlpm.s,SUBSTITUTE(Y5,".",""),_xlpm.c,RIGHT(_xlpm.s,1),_xlpm.n,ROW(INDIRECT("1:"&LEN(_xlpm.s))),_xlpm.cnt,MAX(IF(RIGHT(_xlpm.s,_xlpm.n)=REPT(_xlpm.c,_xlpm.n),_xlpm.n,0)),IF(_xlpm.cnt>=2,_xlpm.cnt&"連"&_xlpm.c,"1"&_xlpm.c))} -> 1X | Y5: {=INDEX(各隊正負!$F:$F, MATCH("*"&$W5&"*", 各隊正負!$A:$A, 0)+6)} -> O.X.O.X.O.X.X.O.O.X | AB5: {=INDEX(各隊正負!$F:$F, MATCH("*"&$W5&"*", 各隊正負!$A:$A, 0)+4)} -> W.L.W.L.W.L.L.W.W.L | AE5: {=_xlfn.LET(_xlpm.s,SUBSTITUTE(AB5,".",""),_xlpm.c,RIGHT(_xlpm.s,1),_xlpm.n,ROW(INDIRECT("1:"&LEN(_xlpm.s))),_xlpm.cnt,MAX(IF(RIGHT(_xlpm.s,_xlpm.n)=REPT(_xlpm.c,_xlpm.n),_xlpm.n,0)),_xlpm.suffix,IF(_xlpm.c="W","勝","敗"),IF(_xlpm.cnt>=2,_xlpm.cnt&"連"&_xlpm.suffix,"1"&_xlpm.suffix))} -> 1敗 | AF5: =I4 -> 海盜 | AG5: {=IFERROR(INDEX(各隊total!$B:$AB, MATCH($AF5, 各隊total!$A:$A, 0), COLUMN(A4)), "")} -> 28 | AH5: =CB9 -> 4.4 | AI5: =VLOOKUP(AH5*1, BV$15:BX$25, 3, TRUE) -> B | AJ5: =CC9 -> 4.7 | AK5: =VLOOKUP(AJ5*1, BY$15:CA$25, 3, TRUE) -> B+ | AL5: {=IFERROR(INDEX(各隊total!$C:$AB, MATCH($AF5, 各隊total!$A:$A, 0), COLUMN(A4)), "")} -> 971 | AM5: {=IFERROR(INDEX(各隊total!$D:$AB, MATCH($AF5, 各隊total!$A:$A, 0), COLUMN(A4)), "")} -> 135 | AN5: {=IFERROR(INDEX(各隊total!$E:$AB, MATCH($AF5, 各隊total!$A:$A, 0), COLUMN(A4)), "")} -> 234 | AO5: {=IFERROR(INDEX(各隊total!$F:$AB, MATCH($AF5, 各隊total!$A:$A, 0), COLUMN(A4)), "")} -> 36 | AP5: {=IFERROR(INDEX(各隊total!$G:$AB, MATCH($AF5, 各隊total!$A:$A, 0), COLUMN(A4)), "")} -> 2 | AQ5: {=IFERROR(INDEX(各隊total!$H:$AB, MATCH($AF5, 各隊total!$A:$A, 0), COLUMN(A4)), "")} -> 29 | AR5: {=IFERROR(INDEX(各隊total!$I:$AB, MATCH($AF5, 各隊total!$A:$A, 0), COLUMN(A4)), "")} -> 130 | AS5: {=IFERROR(INDEX(各隊total!$J:$AB, MATCH($AF5, 各隊total!$A:$A, 0), COLUMN(A4)), "")} -> 361 | AT5: {=IFERROR(INDEX(各隊total!$K:$AB, MATCH($AF5, 各隊total!$A:$A, 0), COLUMN(A4)), "")} -> 108 | AU5: {=IFERROR(INDEX(各隊total!$L:$AB, MATCH($AF5, 各隊total!$A:$A, 0), COLUMN(A4)), "")} -> 271 | AV5: {=IFERROR(INDEX(各隊total!$M:$AB, MATCH($AF5, 各隊total!$A:$A, 0), COLUMN(A4)), "")} -> 26 | AW5: {=IFERROR(INDEX(各隊total!$N:$AB, MATCH($AF5, 各隊total!$A:$A, 0), COLUMN(A4)), "")} -> .241 | AX5: {=IFERROR(INDEX(各隊total!$O:$AB, MATCH($AF5, 各隊total!$A:$A, 0), COLUMN(A4)), "")} -> .325 | AY5: {=IFERROR(INDEX(各隊total!$P:$AB, MATCH($AF5, 各隊total!$A:$A, 0), COLUMN(A4)), "")} -> .372 | AZ5: {=IFERROR(INDEX(各隊total!$Q:$AB, MATCH($AF5, 各隊total!$A:$A, 0), COLUMN(A4)), "")} -> .697 | BA5: {=IFERROR(INDEX(各隊total!$R:$AB, MATCH($AF5, 各隊total!$A:$A, 0), COLUMN(A4)), "")} -> 0 | BB5: {=IFERROR(INDEX(各隊total!$S:$AB, MATCH($AF5, 各隊total!$A:$A, 0), COLUMN(A4)), "")} -> 121.5 | BC5: {=IFERROR(INDEX(各隊total!$T:$AB, MATCH($AF5, 各隊total!$A:$A, 0), COLUMN(A4)), "")} -> 4.2 | BD5: {=IFERROR(INDEX(各隊total!$U:$AB, MATCH($AF5, 各隊total!$A:$A, 0), COLUMN(A4)), "")} -> .098 | BE5: {=IFERROR(INDEX(各隊total!$V:$AB, MATCH($AF5, 各隊total!$A:$A, 0), COLUMN(A4)), "")} -> 0.40 | BF5: {=IFERROR(INDEX(各隊total!$W:$AB, MATCH($AF5, 各隊total!$A:$A, 0), COLUMN(A4)), "")} -> .131 | BG5: {=IFERROR(INDEX(各隊total!$X:$AB, MATCH($AF5, 各隊total!$A:$A, 0), COLUMN(A4)), "")} -> .266 | BH5: {=IFERROR(INDEX(各隊total!$Y:$AB, MATCH($AF5, 各隊total!$A:$A, 0), COLUMN(A4)), "")} -> 3.96 | BI5: {=IFERROR(INDEX(各隊total!$Z:$AB, MATCH($AF5, 各隊total!$A:$A, 0), COLUMN(A4)), "")} -> 67 | BJ5: {=IFERROR(INDEX(各隊total!$AA:$AB, MATCH($AF5, 各隊total!$A:$A, 0), COLUMN(A4)), "")} -> 1106 | BK5: {=IFERROR(INDEX(各隊total!$AB:$AB, MATCH($AF5, 各隊total!$A:$A, 0), COLUMN(A4)), "")} -> 33.5 | BL5: {=IFERROR(INDEX(各隊total!$C:$AB, MATCH($AF5, 各隊total!$A:$A, 0), COLUMN(AA4)), "")} | BM5: 0.216 | BN5: 0.23 | BO5: 3 | BP5: 0.286 | BQ5: 0.3 | BR5: 3 | BS5: 0.371 | BT5: 0.395 | BU5: 3 | BV5: 3.9 | BW5: 4.2 | BX5: 3 | BY5: 3.7 | BZ5: 4 | CA5: 3 | CB5: =CF5+CJ5+CK5+CM5+CO5+CP5+CQ5+CR5 -> 4 | CC5: =CU5+CV5+CY5+CZ5+DA5 -> 5.55 | CF5: =VLOOKUP(ROUND(CF4/CD4, 2), $BV$2:$BX$12, 3, TRUE)*BX$1 -> 0.45 | CJ5: =VLOOKUP(ROUND(CJ4/CD4, 2), $BM$15:$BO$25, 3, TRUE)*BO$14 -> 0.4 | CK5: =VLOOKUP(ROUND(CK4/CD4, 2), $BY$2:$CA$12, 3, TRUE)*CA$1 -> 0.3 | CM5: =VLOOKUP(ROUND(CM4/CN4, 2), $BP$15:$BR$25, 3, TRUE)*BR$14 -> 0.6 | CO5: =VLOOKUP(ROUND(CO4/CD4, 2), $BS$15:$BU$25, 3, TRUE)*BU$14 -> 0.25 | CP5: =VLOOKUP(CP4*1, BM$2:BO$12, 3, TRUE)*BO$1 -> 0.4 | CQ5: =VLOOKUP(CQ4*1, BP$2:BR$12, 3, TRUE)*BR$1 -> 1 | CR5: =VLOOKUP(CR4*1, BS$2:BU$12, 3, TRUE)*BU$1 -> 0.6 | CU5: =VLOOKUP(CU4*1, BM$28:BO$38, 3, TRUE)*BO$27 -> 0.8 | CV5: =VLOOKUP(CV4*1, BP$28:BR$38, 3, TRUE)*BR$27 -> 1.4 | CY5: =VLOOKUP(CY4*1, BS$28:BU$38, 3, TRUE)*BU$27 -> 0.8 | CZ5: =VLOOKUP(CZ4*1, BV$28:BX$38, 3, TRUE)*BX$27 -> 0.75 | DA5: =VLOOKUP(DA4*1, BY$28:CA$38, 3, TRUE)*CA$27 -> 1.8 | DH5: =DJ5+DL5+DM5+DN5+DO5-DP5-DQ5+DR5 -> #VALUE! | DI5: =DU5+DX5+EA5+ED5+EE5+EF5 -> #VALUE! | DJ5: =VLOOKUP(DJ4*1, FK$2:FM$12, 3, TRUE)*FM$1 -> #VALUE! | DL5: =VLOOKUP(DL4*1, FN$2:FP$12, 3, TRUE)*FP$1 -> #VALUE! | DM5: =VLOOKUP(DM4*1, FQ$2:FS$12, 3, TRUE)*FS$1 -> #VALUE! | DN5: =VLOOKUP(DN4*1, FT$2:FV$12, 3, TRUE)*FV$1 -> #VALUE! | DO5: =VLOOKUP(DO4*1, FW$2:FY$12, 3, TRUE)*FY$1 -> #VALUE! | DP5: =VLOOKUP(DP4*1, FK$14:FM$25, 3, TRUE)*FM$14 -> #VALUE! | DQ5: =VLOOKUP(DQ4*1, FN$14:FP$25, 3, TRUE)*FP$14 -> #VALUE! | DR5: =VLOOKUP(DR4*1, FQ$14:FS$25, 3, TRUE)*FS$14 -> #VALUE! | DU5: =VLOOKUP(DU4*1, FK$27:FM$38, 3, TRUE)*FM$27 -> #VALUE! | DX5: =VLOOKUP(DX4*1, FN$27:FP$38, 3, TRUE)*FP$27 -> #VALUE! | EA5: =VLOOKUP(EA4*1, FQ$27:FS$38, 3, TRUE)*FS$27 -> #VALUE! | ED5: =VLOOKUP(ED4*1, FT$27:FV$38, 3, TRUE)*FV$27 -> #VALUE! | EE5: =VLOOKUP(EE4*1, FW$27:FY$38, 3, TRUE)*FY$27 -> #VALUE! | EF5: =VLOOKUP(EF4*1, FK$40:FM$51, 3, TRUE)*FM$40 -> #VALUE! | EK5: =EM5+EO5+EP5+EQ5+ER5-ES5-ET5+EU5 -> 1.45 | EL5: =EX5+FA5+FD5+FG5+FH5+FI5 -> #N/A | EM5: =VLOOKUP(EM4*1, $FK$2:$FM$12, 3, TRUE)*$FM$1 -> 0.75 | EO5: =VLOOKUP(EO4*1, $FN$2:$FP$12, 3, TRUE)*$FP$1 -> 0.3 | EP5: =VLOOKUP(EP4*1, $FQ$2:$FS$12, 3, TRUE)*$FS$1 -> 0 | EQ5: =VLOOKUP(EQ4*1, $FT$2:$FV$12, 3, TRUE)*$FV$1 -> 0.4 | ER5: =VLOOKUP(ER4*1, $FW$2:$FY$12, 3, TRUE)*$FY$1 -> 0.5 | ES5: =VLOOKUP(ES4*1, $FK$14:$FM$25, 3, TRUE)*$FM$14 -> 1 | ET5: =VLOOKUP(ET4*1, $FN$14:$FP$25, 3, TRUE)*$FP$14 -> 1 | EU5: =VLOOKUP(EU4*1, $FQ$14:$FS$25, 3, TRUE)*$FS$14 -> 1.5 | EX5: =VLOOKUP(EX4*1, $FK$27:$FM$38, 3, TRUE)*$FM$27 -> 0 | FA5: =VLOOKUP(FA4*1, $FN$27:$FP$38, 3, TRUE)*$FP$27 -> #N/A | FD5: =VLOOKUP(FD4*1, $FQ$27:$FS$38, 3, TRUE)*$FS$27 -> 0 | FG5: =VLOOKUP(FG4*1, $FT$27:$FV$38, 3, TRUE)*$FV$27 -> 0 | FH5: =VLOOKUP(FH4*1, $FW$27:$FY$38, 3, TRUE)*$FY$27 -> 1.5 | FI5: =VLOOKUP(FI4*1, $FK$40:$FM$51, 3, TRUE)*$FM$40 -> 3.5 | FK5: 8.1 | FL5: 10 | FM5: 3 | FN5: 3.6 | FO5: 4.5 | FP5: 3 | FQ5: 3.3 | FR5: 4 | FS5: 3 | FT5: 0.71 | FU5: 0.9 | FV5: 3 | FW5: 0.61 | FX5: 0.8 | FY5: 3
A6: 4 | B6: 20260428 | C6: 07:40 | D6: 0 | E6: 水手 | F6: 1分輸 | G6: 0.45 | H6: 0 | I6: 雙城 | J6: 0 | K6: 0.55 | L6: {=IFERROR(SUBSTITUTE(INDEX(正負盤!$6:$20, ROW(A3), MATCH(1, (MONTH(正負盤!$4:$4)=MONTH(DATE(LEFT($A$1,4),MID($A$1,5,2),RIGHT($A$1,2))-10))*(DAY(正負盤!$4:$4)=DAY(DATE(LEFT($A$1,4),MID($A$1,5,2),RIGHT($A$1,2))-10)), 0)), 0, "-"), "")} -> O | M6: {=IFERROR(SUBSTITUTE(INDEX(正負盤!$6:$20, ROW(A3), MATCH(1, (MONTH(正負盤!$4:$4)=MONTH(DATE(LEFT($A$1,4),MID($A$1,5,2),RIGHT($A$1,2))-9))*(DAY(正負盤!$4:$4)=DAY(DATE(LEFT($A$1,4),MID($A$1,5,2),RIGHT($A$1,2))-9)), 0)), 0, "-"), "")} -> X | N6: {=IFERROR(SUBSTITUTE(INDEX(正負盤!$6:$20, ROW(A3), MATCH(1, (MONTH(正負盤!$4:$4)=MONTH(DATE(LEFT($A$1,4),MID($A$1,5,2),RIGHT($A$1,2))-8))*(DAY(正負盤!$4:$4)=DAY(DATE(LEFT($A$1,4),MID($A$1,5,2),RIGHT($A$1,2))-8)), 0)), 0, "-"), "")} -> O | O6: {=IFERROR(SUBSTITUTE(INDEX(正負盤!$6:$20, ROW(A3), MATCH(1, (MONTH(正負盤!$4:$4)=MONTH(DATE(LEFT($A$1,4),MID($A$1,5,2),RIGHT($A$1,2))-7))*(DAY(正負盤!$4:$4)=DAY(DATE(LEFT($A$1,4),MID($A$1,5,2),RIGHT($A$1,2))-7)), 0)), 0, "-"), "")} -> X | P6: {=IFERROR(SUBSTITUTE(INDEX(正負盤!$6:$20, ROW(A3), MATCH(1, (MONTH(正負盤!$4:$4)=MONTH(DATE(LEFT($A$1,4),MID($A$1,5,2),RIGHT($A$1,2))-6))*(DAY(正負盤!$4:$4)=DAY(DATE(LEFT($A$1,4),MID($A$1,5,2),RIGHT($A$1,2))-6)), 0)), 0, "-"), "")} -> X | Q6: {=IFERROR(SUBSTITUTE(INDEX(正負盤!$6:$20, ROW(A3), MATCH(1, (MONTH(正負盤!$4:$4)=MONTH(DATE(LEFT($A$1,4),MID($A$1,5,2),RIGHT($A$1,2))-5))*(DAY(正負盤!$4:$4)=DAY(DATE(LEFT($A$1,4),MID($A$1,5,2),RIGHT($A$1,2))-5)), 0)), 0, "-"), "")} | R6: {=IFERROR(SUBSTITUTE(INDEX(正負盤!$6:$20, ROW(A3), MATCH(1, (MONTH(正負盤!$4:$4)=MONTH(DATE(LEFT($A$1,4),MID($A$1,5,2),RIGHT($A$1,2))-4))*(DAY(正負盤!$4:$4)=DAY(DATE(LEFT($A$1,4),MID($A$1,5,2),RIGHT($A$1,2))-4)), 0)), 0, "-"), "")} -> X | S6: {=IFERROR(SUBSTITUTE(INDEX(正負盤!$6:$20, ROW(A3), MATCH(1, (MONTH(正負盤!$4:$4)=MONTH(DATE(LEFT($A$1,4),MID($A$1,5,2),RIGHT($A$1,2))-3))*(DAY(正負盤!$4:$4)=DAY(DATE(LEFT($A$1,4),MID($A$1,5,2),RIGHT($A$1,2))-3)), 0)), 0, "-"), "")} -> O | T6: {=IFERROR(SUBSTITUTE(INDEX(正負盤!$6:$20, ROW(A3), MATCH(1, (MONTH(正負盤!$4:$4)=MONTH(DATE(LEFT($A$1,4),MID($A$1,5,2),RIGHT($A$1,2))-2))*(DAY(正負盤!$4:$4)=DAY(DATE(LEFT($A$1,4),MID($A$1,5,2),RIGHT($A$1,2))-2)), 0)), 0, "-"), "")} -> O | U6: {=IFERROR(SUBSTITUTE(INDEX(正負盤!$6:$20, ROW(A3), MATCH(1, (MONTH(正負盤!$4:$4)=MONTH(DATE(LEFT($A$1,4),MID($A$1,5,2),RIGHT($A$1,2))-1))*(DAY(正負盤!$4:$4)=DAY(DATE(LEFT($A$1,4),MID($A$1,5,2),RIGHT($A$1,2))-1)), 0)), 0, "-"), "")} -> O | V6: =C5 -> 07:07 | W6: =E5 -> 紅襪 | X6: {=_xlfn.LET(_xlpm.s,SUBSTITUTE(Y6,".",""),_xlpm.c,RIGHT(_xlpm.s,1),_xlpm.n,ROW(INDIRECT("1:"&LEN(_xlpm.s))),_xlpm.cnt,MAX(IF(RIGHT(_xlpm.s,_xlpm.n)=REPT(_xlpm.c,_xlpm.n),_xlpm.n,0)),IF(_xlpm.cnt>=2,_xlpm.cnt&"連"&_xlpm.c,"1"&_xlpm.c))} -> 2連O | Y6: {=INDEX(各隊正負!$F:$F, MATCH("*"&$W6&"*", 各隊正負!$A:$A, 0)+6)} -> O.O.X.X.O.X.X.X.O.O | AB6: {=INDEX(各隊正負!$F:$F, MATCH("*"&$W6&"*", 各隊正負!$A:$A, 0)+4)} -> W.W.L.L.W.L.L.L.W.W | AE6: {=_xlfn.LET(_xlpm.s,SUBSTITUTE(AB6,".",""),_xlpm.c,RIGHT(_xlpm.s,1),_xlpm.n,ROW(INDIRECT("1:"&LEN(_xlpm.s))),_xlpm.cnt,MAX(IF(RIGHT(_xlpm.s,_xlpm.n)=REPT(_xlpm.c,_xlpm.n),_xlpm.n,0)),_xlpm.suffix,IF(_xlpm.c="W","勝","敗"),IF(_xlpm.cnt>=2,_xlpm.cnt&"連"&_xlpm.suffix,"1"&_xlpm.suffix))} -> 2連勝 | AF6: =E5 -> 紅襪 | AG6: {=IFERROR(INDEX(各隊total!$B:$AB, MATCH($AF6, 各隊total!$A:$A, 0), COLUMN(A5)), "")} -> 28 | AH6: =CB11 -> 3.1 | AI6: =VLOOKUP(AH6*1, BV$15:BX$25, 3, TRUE) -> C+ | AJ6: =CC11 -> 2.7 | AK6: =VLOOKUP(AJ6*1, BY$15:CA$25, 3, TRUE) -> C+ | AL6: {=IFERROR(INDEX(各隊total!$C:$AB, MATCH($AF6, 各隊total!$A:$A, 0), COLUMN(A5)), "")} -> 936 | AM6: {=IFERROR(INDEX(各隊total!$D:$AB, MATCH($AF6, 各隊total!$A:$A, 0), COLUMN(A5)), "")} -> 117 | AN6: {=IFERROR(INDEX(各隊total!$E:$AB, MATCH($AF6, 各隊total!$A:$A, 0), COLUMN(A5)), "")} -> 218 | AO6: {=IFERROR(INDEX(各隊total!$F:$AB, MATCH($AF6, 各隊total!$A:$A, 0), COLUMN(A5)), "")} -> 50 | AP6: {=IFERROR(INDEX(各隊total!$G:$AB, MATCH($AF6, 各隊total!$A:$A, 0), COLUMN(A5)), "")} -> 4 | AQ6: {=IFERROR(INDEX(各隊total!$H:$AB, MATCH($AF6, 各隊total!$A:$A, 0), COLUMN(A5)), "")} -> 19 | AR6: {=IFERROR(INDEX(各隊total!$I:$AB, MATCH($AF6, 各隊total!$A:$A, 0), COLUMN(A5)), "")} -> 112 | AS6: {=IFERROR(INDEX(各隊total!$J:$AB, MATCH($AF6, 各隊total!$A:$A, 0), COLUMN(A5)), "")} -> 333 | AT6: {=IFERROR(INDEX(各隊total!$K:$AB, MATCH($AF6, 各隊total!$A:$A, 0), COLUMN(A5)), "")} -> 95 | AU6: {=IFERROR(INDEX(各隊total!$L:$AB, MATCH($AF6, 各隊total!$A:$A, 0), COLUMN(A5)), "")} -> 235 | AV6: {=IFERROR(INDEX(各隊total!$M:$AB, MATCH($AF6, 各隊total!$A:$A, 0), COLUMN(A5)), "")} -> 20 | AW6: {=IFERROR(INDEX(各隊total!$N:$AB, MATCH($AF6, 各隊total!$A:$A, 0), COLUMN(A5)), "")} -> .233 | AX6: {=IFERROR(INDEX(各隊total!$O:$AB, MATCH($AF6, 各隊total!$A:$A, 0), COLUMN(A5)), "")} -> .313 | AY6: {=IFERROR(INDEX(各隊total!$P:$AB, MATCH($AF6, 各隊total!$A:$A, 0), COLUMN(A5)), "")} -> .356 | AZ6: {=IFERROR(INDEX(各隊total!$Q:$AB, MATCH($AF6, 各隊total!$A:$A, 0), COLUMN(A5)), "")} -> .669 | BA6: {=IFERROR(INDEX(各隊total!$R:$AB, MATCH($AF6, 各隊total!$A:$A, 0), COLUMN(A5)), "")} -> 0 | BB6: {=IFERROR(INDEX(各隊total!$S:$AB, MATCH($AF6, 各隊total!$A:$A, 0), COLUMN(A5)), "")} -> 105.3 | BC6: {=IFERROR(INDEX(各隊total!$T:$AB, MATCH($AF6, 各隊total!$A:$A, 0), COLUMN(A5)), "")} -> 3.8 | BD6: {=IFERROR(INDEX(各隊total!$U:$AB, MATCH($AF6, 各隊total!$A:$A, 0), COLUMN(A5)), "")} -> .090 | BE6: {=IFERROR(INDEX(各隊total!$V:$AB, MATCH($AF6, 各隊total!$A:$A, 0), COLUMN(A5)), "")} -> 0.40 | BF6: {=IFERROR(INDEX(各隊total!$W:$AB, MATCH($AF6, 各隊total!$A:$A, 0), COLUMN(A5)), "")} -> .123 | BG6: {=IFERROR(INDEX(各隊total!$X:$AB, MATCH($AF6, 各隊total!$A:$A, 0), COLUMN(A5)), "")} -> .239 | BH6: {=IFERROR(INDEX(各隊total!$Y:$AB, MATCH($AF6, 各隊total!$A:$A, 0), COLUMN(A5)), "")} -> 3.81 | BI6: {=IFERROR(INDEX(各隊total!$Z:$AB, MATCH($AF6, 各隊total!$A:$A, 0), COLUMN(A5)), "")} -> 73 | BJ6: {=IFERROR(INDEX(各隊total!$AA:$AB, MATCH($AF6, 各隊total!$A:$A, 0), COLUMN(A5)), "")} -> 1054 | BK6: {=IFERROR(INDEX(各隊total!$AB:$AB, MATCH($AF6, 各隊total!$A:$A, 0), COLUMN(A5)), "")} -> 49.3 | BL6: {=IFERROR(INDEX(各隊total!$C:$AB, MATCH($AF6, 各隊total!$A:$A, 0), COLUMN(AA5)), "")} | BM6: 0.231 | BN6: 0.245 | BO6: 4 | BP6: 0.301 | BQ6: 0.315 | BR6: 4 | BS6: 0.396 | BT6: 0.42 | BU6: 4 | BV6: 4.3 | BW6: 4.5 | BX6: 4 | BY6: 4.1 | BZ6: 4.3 | CA6: 4 | CB6: =AF4 -> 紅雀 | CD6: =AG4 -> 27 | CE6: =AL4 -> 901 | CF6: =AM4 -> 125 | CG6: =AN4 -> 212 | CH6: =AO4 -> 35 | CI6: =AP4 -> 1 | CJ6: =AQ4 -> 34 | CK6: =AR4 -> 122 | CL6: =AS4 -> 351 | ... DD6: =BK4 -> 26.5 | DF6: =先發名單!I$2 -> J. Caminero | DG6: {=IFERROR(INDEX(球員狀態!$C$2:$C$5000, MATCH(1, (球員狀態!$A$2:$A$5000=$DF$1)*(ISNUMBER(SEARCH($DF6, 球員狀態!$B$2:$B$5000))), 0)), "")} | DJ6: {=IFERROR(INDEX(球員狀態!$F$2:$F$5000, MATCH(1, (球員狀態!$A$2:$A$5000=$DF$1)*(ISNUMBER(SEARCH($DF6, 球員狀態!$B$2:$B$5000))), 0)), "")} | DK6: {=IFERROR(INDEX(球員狀態!$G$2:$G$5000, MATCH(1, (球員狀態!$A$2:$A$5000=$DF$1)*(ISNUMBER(SEARCH($DF6, 球員狀態!$B$2:$B$5000))), 0)), "")} | DL6: {=IFERROR(INDEX(球員狀態!H$2:H$5000, MATCH(1, (球員狀態!$A$2:$A$5000=$DF$1)*(ISNUMBER(SEARCH($DF6, 球員狀態!$B$2:$B$5000))), 0)), "")} | DM6: {=IFERROR(INDEX(球員狀態!I$2:I$5000, MATCH(1, (球員狀態!$A$2:$A$5000=$DF$1)*(ISNUMBER(SEARCH($DF6, 球員狀態!$B$2:$B$5000))), 0)), "")} | DN6: {=IFERROR(INDEX(球員狀態!J$2:J$5000, MATCH(1, (球員狀態!$A$2:$A$5000=$DF$1)*(ISNUMBER(SEARCH($DF6, 球員狀態!$B$2:$B$5000))), 0)), "")} | DO6: {=IFERROR(INDEX(球員狀態!K$2:K$5000, MATCH(1, (球員狀態!$A$2:$A$5000=$DF$1)*(ISNUMBER(SEARCH($DF6, 球員狀態!$B$2:$B$5000))), 0)), "")} | DP6: {=IFERROR(INDEX(球員狀態!L$2:L$5000, MATCH(1, (球員狀態!$A$2:$A$5000=$DF$1)*(ISNUMBER(SEARCH($DF6, 球員狀態!$B$2:$B$5000))), 0)), "")} | DQ6: {=IFERROR(INDEX(球員狀態!M$2:M$5000, MATCH(1, (球員狀態!$A$2:$A$5000=$DF$1)*(ISNUMBER(SEARCH($DF6, 球員狀態!$B$2:$B$5000))), 0)), "")} | DR6: {=IFERROR(INDEX(球員狀態!N$2:N$5000, MATCH(1, (球員狀態!$A$2:$A$5000=$DF$1)*(ISNUMBER(SEARCH($DF6, 球員狀態!$B$2:$B$5000))), 0)), "")} | DS6: {=IFERROR(INDEX(球員狀態!O$2:O$5000, MATCH(1, (球員狀態!$A$2:$A$5000=$DF$1)*(ISNUMBER(SEARCH($DF6, 球員狀態!$B$2:$B$5000))), 0)), "")} | ... EF6: {=IFERROR(INDEX(球員狀態!AB$2:AB$5000, MATCH(1, (球員狀態!$A$2:$A$5000=$DF$1)*(ISNUMBER(SEARCH($DF6, 球員狀態!$B$2:$B$5000))), 0)), "")} | EI6: =先發名單!Q$2 -> A. Martinez | EJ6: {=IFERROR(INDEX(球員狀態!$C$2:$C$5000, MATCH(1, (球員狀態!$A$2:$A$5000=$EI$1)*(ISNUMBER(SEARCH($EI6, 球員狀態!$B$2:$B$5000))), 0)), "")} | EM6: {=IFERROR(INDEX(球員狀態!F$2:F$5000, MATCH(1, (球員狀態!$A$2:$A$5000=$EI$1)*(ISNUMBER(SEARCH($EI6, 球員狀態!$B$2:$B$5000))), 0)), "")} | EN6: {=IFERROR(INDEX(球員狀態!G$2:G$5000, MATCH(1, (球員狀態!$A$2:$A$5000=$EI$1)*(ISNUMBER(SEARCH($EI6, 球員狀態!$B$2:$B$5000))), 0)), "")} | EO6: {=IFERROR(INDEX(球員狀態!H$2:H$5000, MATCH(1, (球員狀態!$A$2:$A$5000=$EI$1)*(ISNUMBER(SEARCH($EI6, 球員狀態!$B$2:$B$5000))), 0)), "")} | EP6: {=IFERROR(INDEX(球員狀態!I$2:I$5000, MATCH(1, (球員狀態!$A$2:$A$5000=$EI$1)*(ISNUMBER(SEARCH($EI6, 球員狀態!$B$2:$B$5000))), 0)), "")} | EQ6: {=IFERROR(INDEX(球員狀態!J$2:J$5000, MATCH(1, (球員狀態!$A$2:$A$5000=$EI$1)*(ISNUMBER(SEARCH($EI6, 球員狀態!$B$2:$B$5000))), 0)), "")} | ER6: {=IFERROR(INDEX(球員狀態!K$2:K$5000, MATCH(1, (球員狀態!$A$2:$A$5000=$EI$1)*(ISNUMBER(SEARCH($EI6, 球員狀態!$B$2:$B$5000))), 0)), "")} | ES6: {=IFERROR(INDEX(球員狀態!L$2:L$5000, MATCH(1, (球員狀態!$A$2:$A$5000=$EI$1)*(ISNUMBER(SEARCH($EI6, 球員狀態!$B$2:$B$5000))), 0)), "")} | ET6: {=IFERROR(INDEX(球員狀態!M$2:M$5000, MATCH(1, (球員狀態!$A$2:$A$5000=$EI$1)*(ISNUMBER(SEARCH($EI6, 球員狀態!$B$2:$B$5000))), 0)), "")} | ... FI6: {=IFERROR(INDEX(球員狀態!AB$2:AB$5000, MATCH(1, (球員狀態!$A$2:$A$5000=$EI$1)*(ISNUMBER(SEARCH($EI6, 球員狀態!$B$2:$B$5000))), 0)), "")} | FK6: 10.1 | FL6: 12 | FM6: 4 | FN6: 4.6 | FO6: 5.5 | FP6: 4 | FQ6: 4.1 | FR6: 5 | FS6: 4 | FT6: 0.91 | FU6: 1.1 | FV6: 4 | FW6: 0.81 | FX6: 1 | FY6: 4
A7: 5 | B7: 20260428 | C7: 07:40 | D7: 0 | E7: 天使 | F7: 1分贏 | G7: 0.78 | H7: 0 | I7: 白襪 | J7: 0 | K7: 0.22 | L7: {=IFERROR(SUBSTITUTE(INDEX(正負盤!$6:$20, ROW(A4), MATCH(1, (MONTH(正負盤!$4:$4)=MONTH(DATE(LEFT($A$1,4),MID($A$1,5,2),RIGHT($A$1,2))-10))*(DAY(正負盤!$4:$4)=DAY(DATE(LEFT($A$1,4),MID($A$1,5,2),RIGHT($A$1,2))-10)), 0)), 0, "-"), "")} -> X | M7: {=IFERROR(SUBSTITUTE(INDEX(正負盤!$6:$20, ROW(A4), MATCH(1, (MONTH(正負盤!$4:$4)=MONTH(DATE(LEFT($A$1,4),MID($A$1,5,2),RIGHT($A$1,2))-9))*(DAY(正負盤!$4:$4)=DAY(DATE(LEFT($A$1,4),MID($A$1,5,2),RIGHT($A$1,2))-9)), 0)), 0, "-"), "")} -> X | N7: {=IFERROR(SUBSTITUTE(INDEX(正負盤!$6:$20, ROW(A4), MATCH(1, (MONTH(正負盤!$4:$4)=MONTH(DATE(LEFT($A$1,4),MID($A$1,5,2),RIGHT($A$1,2))-8))*(DAY(正負盤!$4:$4)=DAY(DATE(LEFT($A$1,4),MID($A$1,5,2),RIGHT($A$1,2))-8)), 0)), 0, "-"), "")} -> O | O7: {=IFERROR(SUBSTITUTE(INDEX(正負盤!$6:$20, ROW(A4), MATCH(1, (MONTH(正負盤!$4:$4)=MONTH(DATE(LEFT($A$1,4),MID($A$1,5,2),RIGHT($A$1,2))-7))*(DAY(正負盤!$4:$4)=DAY(DATE(LEFT($A$1,4),MID($A$1,5,2),RIGHT($A$1,2))-7)), 0)), 0, "-"), "")} -> O | P7: {=IFERROR(SUBSTITUTE(INDEX(正負盤!$6:$20, ROW(A4), MATCH(1, (MONTH(正負盤!$4:$4)=MONTH(DATE(LEFT($A$1,4),MID($A$1,5,2),RIGHT($A$1,2))-6))*(DAY(正負盤!$4:$4)=DAY(DATE(LEFT($A$1,4),MID($A$1,5,2),RIGHT($A$1,2))-6)), 0)), 0, "-"), "")} -> X | Q7: {=IFERROR(SUBSTITUTE(INDEX(正負盤!$6:$20, ROW(A4), MATCH(1, (MONTH(正負盤!$4:$4)=MONTH(DATE(LEFT($A$1,4),MID($A$1,5,2),RIGHT($A$1,2))-5))*(DAY(正負盤!$4:$4)=DAY(DATE(LEFT($A$1,4),MID($A$1,5,2),RIGHT($A$1,2))-5)), 0)), 0, "-"), "")} | R7: {=IFERROR(SUBSTITUTE(INDEX(正負盤!$6:$20, ROW(A4), MATCH(1, (MONTH(正負盤!$4:$4)=MONTH(DATE(LEFT($A$1,4),MID($A$1,5,2),RIGHT($A$1,2))-4))*(DAY(正負盤!$4:$4)=DAY(DATE(LEFT($A$1,4),MID($A$1,5,2),RIGHT($A$1,2))-4)), 0)), 0, "-"), "")} -> O | S7: {=IFERROR(SUBSTITUTE(INDEX(正負盤!$6:$20, ROW(A4), MATCH(1, (MONTH(正負盤!$4:$4)=MONTH(DATE(LEFT($A$1,4),MID($A$1,5,2),RIGHT($A$1,2))-3))*(DAY(正負盤!$4:$4)=DAY(DATE(LEFT($A$1,4),MID($A$1,5,2),RIGHT($A$1,2))-3)), 0)), 0, "-"), "")} -> X | T7: {=IFERROR(SUBSTITUTE(INDEX(正負盤!$6:$20, ROW(A4), MATCH(1, (MONTH(正負盤!$4:$4)=MONTH(DATE(LEFT($A$1,4),MID($A$1,5,2),RIGHT($A$1,2))-2))*(DAY(正負盤!$4:$4)=DAY(DATE(LEFT($A$1,4),MID($A$1,5,2),RIGHT($A$1,2))-2)), 0)), 0, "-"), "")} -> O | U7: {=IFERROR(SUBSTITUTE(INDEX(正負盤!$6:$20, ROW(A4), MATCH(1, (MONTH(正負盤!$4:$4)=MONTH(DATE(LEFT($A$1,4),MID($A$1,5,2),RIGHT($A$1,2))-1))*(DAY(正負盤!$4:$4)=DAY(DATE(LEFT($A$1,4),MID($A$1,5,2),RIGHT($A$1,2))-1)), 0)), 0, "-"), "")} -> X | W7: =I5 -> 藍鳥 | X7: {=_xlfn.LET(_xlpm.s,SUBSTITUTE(Y7,".",""),_xlpm.c,RIGHT(_xlpm.s,1),_xlpm.n,ROW(INDIRECT("1:"&LEN(_xlpm.s))),_xlpm.cnt,MAX(IF(RIGHT(_xlpm.s,_xlpm.n)=REPT(_xlpm.c,_xlpm.n),_xlpm.n,0)),IF(_xlpm.cnt>=2,_xlpm.cnt&"連"&_xlpm.c,"1"&_xlpm.c))} -> 2連O | Y7: {=INDEX(各隊正負!$F:$F, MATCH("*"&$W7&"*", 各隊正負!$A:$A, 0)+6)} -> X.X.X.X.O.O.O.X.O.O | AB7: {=INDEX(各隊正負!$F:$F, MATCH("*"&$W7&"*", 各隊正負!$A:$A, 0)+4)} -> L.L.L.L.W.W.W.L.W.W | AE7: {=_xlfn.LET(_xlpm.s,SUBSTITUTE(AB7,".",""),_xlpm.c,RIGHT(_xlpm.s,1),_xlpm.n,ROW(INDIRECT("1:"&LEN(_xlpm.s))),_xlpm.cnt,MAX(IF(RIGHT(_xlpm.s,_xlpm.n)=REPT(_xlpm.c,_xlpm.n),_xlpm.n,0)),_xlpm.suffix,IF(_xlpm.c="W","勝","敗"),IF(_xlpm.cnt>=2,_xlpm.cnt&"連"&_xlpm.suffix,"1"&_xlpm.suffix))} -> 2連勝 | AF7: =I5 -> 藍鳥 | AG7: {=IFERROR(INDEX(各隊total!$B:$AB, MATCH($AF7, 各隊total!$A:$A, 0), COLUMN(A6)), "")} -> 27 | AH7: =CB13 -> 3.35 | AI7: =VLOOKUP(AH7*1, BV$15:BX$25, 3, TRUE) -> C+ | AJ7: =CC13 -> 3.15 | AK7: =VLOOKUP(AJ7*1, BY$15:CA$25, 3, TRUE) -> C+ | AL7: {=IFERROR(INDEX(各隊total!$C:$AB, MATCH($AF7, 各隊total!$A:$A, 0), COLUMN(A6)), "")} -> 919 | AM7: {=IFERROR(INDEX(各隊total!$D:$AB, MATCH($AF7, 各隊total!$A:$A, 0), COLUMN(A6)), "")} -> 110 | AN7: {=IFERROR(INDEX(各隊total!$E:$AB, MATCH($AF7, 各隊total!$A:$A, 0), COLUMN(A6)), "")} -> 234 | AO7: {=IFERROR(INDEX(各隊total!$F:$AB, MATCH($AF7, 各隊total!$A:$A, 0), COLUMN(A6)), "")} -> 50 | AP7: {=IFERROR(INDEX(各隊total!$G:$AB, MATCH($AF7, 各隊total!$A:$A, 0), COLUMN(A6)), "")} -> 1 | AQ7: {=IFERROR(INDEX(各隊total!$H:$AB, MATCH($AF7, 各隊total!$A:$A, 0), COLUMN(A6)), "")} -> 23 | AR7: {=IFERROR(INDEX(各隊total!$I:$AB, MATCH($AF7, 各隊total!$A:$A, 0), COLUMN(A6)), "")} -> 108 | AS7: {=IFERROR(INDEX(各隊total!$J:$AB, MATCH($AF7, 各隊total!$A:$A, 0), COLUMN(A6)), "")} -> 355 | AT7: {=IFERROR(INDEX(各隊total!$K:$AB, MATCH($AF7, 各隊total!$A:$A, 0), COLUMN(A6)), "")} -> 76 | AU7: {=IFERROR(INDEX(各隊total!$L:$AB, MATCH($AF7, 各隊total!$A:$A, 0), COLUMN(A6)), "")} -> 188 | AV7: {=IFERROR(INDEX(各隊total!$M:$AB, MATCH($AF7, 各隊total!$A:$A, 0), COLUMN(A6)), "")} -> 11 | AW7: {=IFERROR(INDEX(各隊total!$N:$AB, MATCH($AF7, 各隊total!$A:$A, 0), COLUMN(A6)), "")} -> .255 | AX7: {=IFERROR(INDEX(各隊total!$O:$AB, MATCH($AF7, 各隊total!$A:$A, 0), COLUMN(A6)), "")} -> .314 | AY7: {=IFERROR(INDEX(各隊total!$P:$AB, MATCH($AF7, 各隊total!$A:$A, 0), COLUMN(A6)), "")} -> .386 | AZ7: {=IFERROR(INDEX(各隊total!$Q:$AB, MATCH($AF7, 各隊total!$A:$A, 0), COLUMN(A6)), "")} -> .700 | BA7: {=IFERROR(INDEX(各隊total!$R:$AB, MATCH($AF7, 各隊total!$A:$A, 0), COLUMN(A6)), "")} -> 0 | BB7: {=IFERROR(INDEX(各隊total!$S:$AB, MATCH($AF7, 各隊total!$A:$A, 0), COLUMN(A6)), "")} -> 111.6 | BC7: {=IFERROR(INDEX(各隊total!$T:$AB, MATCH($AF7, 各隊total!$A:$A, 0), COLUMN(A6)), "")} -> 4.2 | BD7: {=IFERROR(INDEX(各隊total!$U:$AB, MATCH($AF7, 各隊total!$A:$A, 0), COLUMN(A6)), "")} -> .075 | BE7: {=IFERROR(INDEX(各隊total!$V:$AB, MATCH($AF7, 各隊total!$A:$A, 0), COLUMN(A6)), "")} -> 0.40 | BF7: {=IFERROR(INDEX(各隊total!$W:$AB, MATCH($AF7, 各隊total!$A:$A, 0), COLUMN(A6)), "")} -> .132 | BG7: {=IFERROR(INDEX(各隊total!$X:$AB, MATCH($AF7, 各隊total!$A:$A, 0), COLUMN(A6)), "")} -> .223 | BH7: {=IFERROR(INDEX(各隊total!$Y:$AB, MATCH($AF7, 各隊total!$A:$A, 0), COLUMN(A6)), "")} -> 3.73 | BI7: {=IFERROR(INDEX(各隊total!$Z:$AB, MATCH($AF7, 各隊total!$A:$A, 0), COLUMN(A6)), "")} -> 74 | BJ7: {=IFERROR(INDEX(各隊total!$AA:$AB, MATCH($AF7, 各隊total!$A:$A, 0), COLUMN(A6)), "")} -> 1016 | BK7: {=IFERROR(INDEX(各隊total!$AB:$AB, MATCH($AF7, 各隊total!$A:$A, 0), COLUMN(A6)), "")} -> 40.0 | BL7: {=IFERROR(INDEX(各隊total!$C:$AB, MATCH($AF7, 各隊total!$A:$A, 0), COLUMN(AA6)), "")} | BM7: 0.246 | BN7: 0.26 | BO7: 5 | BP7: 0.316 | BQ7: 0.33 | BR7: 5 | BS7: 0.421 | BT7: 0.445 | BU7: 5 | BV7: 4.6 | BW7: 4.8 | BX7: 5 | BY7: 4.4 | BZ7: 4.6 | CA7: 5 | CB7: =CF7+CJ7+CK7+CM7+CO7+CP7+CQ7+CR7 -> 4.5 | CC7: =CU7+CV7+CY7+CZ7+DA7 -> 4.35 | CF7: =VLOOKUP(ROUND(CF6/CD6, 2), $BV$2:$BX$12, 3, TRUE)*BX$1 -> 0.75 | CJ7: =VLOOKUP(ROUND(CJ6/CD6, 2), $BM$15:$BO$25, 3, TRUE)*BO$14 -> 0.5 | CK7: =VLOOKUP(ROUND(CK6/CD6, 2), $BY$2:$CA$12, 3, TRUE)*CA$1 -> 0.5 | CM7: =VLOOKUP(ROUND(CM6/CN6, 2), $BP$15:$BR$25, 3, TRUE)*BR$14 -> 0.5 | CO7: =VLOOKUP(ROUND(CO6/CD6, 2), $BS$15:$BU$25, 3, TRUE)*BU$14 -> 0.25 | CP7: =VLOOKUP(CP6*1, BM$2:BO$12, 3, TRUE)*BO$1 -> 0.4 | CQ7: =VLOOKUP(CQ6*1, BP$2:BR$12, 3, TRUE)*BR$1 -> 1 | CR7: =VLOOKUP(CR6*1, BS$2:BU$12, 3, TRUE)*BU$1 -> 0.6 | CU7: =VLOOKUP(CU6*1, BM$28:BO$38, 3, TRUE)*BO$27 -> 0.8 | CV7: =VLOOKUP(CV6*1, BP$28:BR$38, 3, TRUE)*BR$27 -> 1.4 | CY7: =VLOOKUP(CY6*1, BS$28:BU$38, 3, TRUE)*BU$27 -> 0.8 | CZ7: =VLOOKUP(CZ6*1, BV$28:BX$38, 3, TRUE)*BX$27 -> 0.75 | DA7: =VLOOKUP(DA6*1, BY$28:CA$38, 3, TRUE)*CA$27 -> 0.6 | DH7: =DJ7+DL7+DM7+DN7+DO7-DP7-DQ7+DR7 -> #VALUE! | DI7: =DU7+DX7+EA7+ED7+EE7+EF7 -> #VALUE! | DJ7: =VLOOKUP(DJ6*1, FK$2:FM$12, 3, TRUE)*FM$1 -> #VALUE! | DL7: =VLOOKUP(DL6*1, FN$2:FP$12, 3, TRUE)*FP$1 -> #VALUE! | DM7: =VLOOKUP(DM6*1, FQ$2:FS$12, 3, TRUE)*FS$1 -> #VALUE! | DN7: =VLOOKUP(DN6*1, FT$2:FV$12, 3, TRUE)*FV$1 -> #VALUE! | DO7: =VLOOKUP(DO6*1, FW$2:FY$12, 3, TRUE)*FY$1 -> #VALUE! | DP7: =VLOOKUP(DP6*1, FK$14:FM$25, 3, TRUE)*FM$14 -> #VALUE! | DQ7: =VLOOKUP(DQ6*1, FN$14:FP$25, 3, TRUE)*FP$14 -> #VALUE! | DR7: =VLOOKUP(DR6*1, FQ$14:FS$25, 3, TRUE)*FS$14 -> #VALUE! | DU7: =VLOOKUP(DU6*1, FK$27:FM$38, 3, TRUE)*FM$27 -> #VALUE! | DX7: =VLOOKUP(DX6*1, FN$27:FP$38, 3, TRUE)*FP$27 -> #VALUE! | EA7: =VLOOKUP(EA6*1, FQ$27:FS$38, 3, TRUE)*FS$27 -> #VALUE! | ED7: =VLOOKUP(ED6*1, FT$27:FV$38, 3, TRUE)*FV$27 -> #VALUE! | EE7: =VLOOKUP(EE6*1, FW$27:FY$38, 3, TRUE)*FY$27 -> #VALUE! | EF7: =VLOOKUP(EF6*1, FK$40:FM$51, 3, TRUE)*FM$40 -> #VALUE! | EK7: =EM7+EO7+EP7+EQ7+ER7-ES7-ET7+EU7 -> #VALUE! | EL7: =EX7+FA7+FD7+FG7+FH7+FI7 -> #VALUE! | EM7: =VLOOKUP(EM6*1, $FK$2:$FM$12, 3, TRUE)*$FM$1 -> #VALUE! | EO7: =VLOOKUP(EO6*1, $FN$2:$FP$12, 3, TRUE)*$FP$1 -> #VALUE! | EP7: =VLOOKUP(EP6*1, $FQ$2:$FS$12, 3, TRUE)*$FS$1 -> #VALUE! | EQ7: =VLOOKUP(EQ6*1, $FT$2:$FV$12, 3, TRUE)*$FV$1 -> #VALUE! | ER7: =VLOOKUP(ER6*1, $FW$2:$FY$12, 3, TRUE)*$FY$1 -> #VALUE! | ES7: =VLOOKUP(ES6*1, $FK$14:$FM$25, 3, TRUE)*$FM$14 -> #VALUE! | ET7: =VLOOKUP(ET6*1, $FN$14:$FP$25, 3, TRUE)*$FP$14 -> #VALUE! | EU7: =VLOOKUP(EU6*1, $FQ$14:$FS$25, 3, TRUE)*$FS$14 -> #VALUE! | EX7: =VLOOKUP(EX6*1, $FK$27:$FM$38, 3, TRUE)*$FM$27 -> #VALUE! | FA7: =VLOOKUP(FA6*1, $FN$27:$FP$38, 3, TRUE)*$FP$27 -> #VALUE! | FD7: =VLOOKUP(FD6*1, $FQ$27:$FS$38, 3, TRUE)*$FS$27 -> #VALUE! | FG7: =VLOOKUP(FG6*1, $FT$27:$FV$38, 3, TRUE)*$FV$27 -> #VALUE! | FH7: =VLOOKUP(FH6*1, $FW$27:$FY$38, 3, TRUE)*$FY$27 -> #VALUE! | FI7: =VLOOKUP(FI6*1, $FK$40:$FM$51, 3, TRUE)*$FM$40 -> #VALUE! | FK7: 12.1 | FL7: 14.5 | FM7: 5 | FN7: 5.6 | FO7: 6.5 | FP7: 5 | FQ7: 5.1 | FR7: 6 | FS7: 5 | FT7: 1.11 | FU7: 1.3 | FV7: 5 | FW7: 1.01 | FX7: 1.2 | FY7: 5
A8: 6 | B8: 20260428 | C8: 08:05 | D8: 0 | E8: 洋基 | F8: 2分贏 | G8: 0.8 | H8: 0 | I8: 遊騎兵 | J8: 0 | K8: 0.2 | L8: {=IFERROR(SUBSTITUTE(INDEX(正負盤!$6:$20, ROW(A5), MATCH(1, (MONTH(正負盤!$4:$4)=MONTH(DATE(LEFT($A$1,4),MID($A$1,5,2),RIGHT($A$1,2))-10))*(DAY(正負盤!$4:$4)=DAY(DATE(LEFT($A$1,4),MID($A$1,5,2),RIGHT($A$1,2))-10)), 0)), 0, "-"), "")} -> X | M8: {=IFERROR(SUBSTITUTE(INDEX(正負盤!$6:$20, ROW(A5), MATCH(1, (MONTH(正負盤!$4:$4)=MONTH(DATE(LEFT($A$1,4),MID($A$1,5,2),RIGHT($A$1,2))-9))*(DAY(正負盤!$4:$4)=DAY(DATE(LEFT($A$1,4),MID($A$1,5,2),RIGHT($A$1,2))-9)), 0)), 0, "-"), "")} -> O | N8: {=IFERROR(SUBSTITUTE(INDEX(正負盤!$6:$20, ROW(A5), MATCH(1, (MONTH(正負盤!$4:$4)=MONTH(DATE(LEFT($A$1,4),MID($A$1,5,2),RIGHT($A$1,2))-8))*(DAY(正負盤!$4:$4)=DAY(DATE(LEFT($A$1,4),MID($A$1,5,2),RIGHT($A$1,2))-8)), 0)), 0, "-"), "")} -> X | O8: {=IFERROR(SUBSTITUTE(INDEX(正負盤!$6:$20, ROW(A5), MATCH(1, (MONTH(正負盤!$4:$4)=MONTH(DATE(LEFT($A$1,4),MID($A$1,5,2),RIGHT($A$1,2))-7))*(DAY(正負盤!$4:$4)=DAY(DATE(LEFT($A$1,4),MID($A$1,5,2),RIGHT($A$1,2))-7)), 0)), 0, "-"), "")} -> X | P8: {=IFERROR(SUBSTITUTE(INDEX(正負盤!$6:$20, ROW(A5), MATCH(1, (MONTH(正負盤!$4:$4)=MONTH(DATE(LEFT($A$1,4),MID($A$1,5,2),RIGHT($A$1,2))-6))*(DAY(正負盤!$4:$4)=DAY(DATE(LEFT($A$1,4),MID($A$1,5,2),RIGHT($A$1,2))-6)), 0)), 0, "-"), "")} -> X | Q8: {=IFERROR(SUBSTITUTE(INDEX(正負盤!$6:$20, ROW(A5), MATCH(1, (MONTH(正負盤!$4:$4)=MONTH(DATE(LEFT($A$1,4),MID($A$1,5,2),RIGHT($A$1,2))-5))*(DAY(正負盤!$4:$4)=DAY(DATE(LEFT($A$1,4),MID($A$1,5,2),RIGHT($A$1,2))-5)), 0)), 0, "-"), "")} | R8: {=IFERROR(SUBSTITUTE(INDEX(正負盤!$6:$20, ROW(A5), MATCH(1, (MONTH(正負盤!$4:$4)=MONTH(DATE(LEFT($A$1,4),MID($A$1,5,2),RIGHT($A$1,2))-4))*(DAY(正負盤!$4:$4)=DAY(DATE(LEFT($A$1,4),MID($A$1,5,2),RIGHT($A$1,2))-4)), 0)), 0, "-"), "")} -> X | S8: {=IFERROR(SUBSTITUTE(INDEX(正負盤!$6:$20, ROW(A5), MATCH(1, (MONTH(正負盤!$4:$4)=MONTH(DATE(LEFT($A$1,4),MID($A$1,5,2),RIGHT($A$1,2))-3))*(DAY(正負盤!$4:$4)=DAY(DATE(LEFT($A$1,4),MID($A$1,5,2),RIGHT($A$1,2))-3)), 0)), 0, "-"), "")} -> O | T8: {=IFERROR(SUBSTITUTE(INDEX(正負盤!$6:$20, ROW(A5), MATCH(1, (MONTH(正負盤!$4:$4)=MONTH(DATE(LEFT($A$1,4),MID($A$1,5,2),RIGHT($A$1,2))-2))*(DAY(正負盤!$4:$4)=DAY(DATE(LEFT($A$1,4),MID($A$1,5,2),RIGHT($A$1,2))-2)), 0)), 0, "-"), "")} | U8: {=IFERROR(SUBSTITUTE(INDEX(正負盤!$6:$20, ROW(A5), MATCH(1, (MONTH(正負盤!$4:$4)=MONTH(DATE(LEFT($A$1,4),MID($A$1,5,2),RIGHT($A$1,2))-1))*(DAY(正負盤!$4:$4)=DAY(DATE(LEFT($A$1,4),MID($A$1,5,2),RIGHT($A$1,2))-1)), 0)), 0, "-"), "")} -> X | V8: =C6 -> 07:40 | W8: =E6 -> 水手 | X8: {=_xlfn.LET(_xlpm.s,SUBSTITUTE(Y8,".",""),_xlpm.c,RIGHT(_xlpm.s,1),_xlpm.n,ROW(INDIRECT("1:"&LEN(_xlpm.s))),_xlpm.cnt,MAX(IF(RIGHT(_xlpm.s,_xlpm.n)=REPT(_xlpm.c,_xlpm.n),_xlpm.n,0)),IF(_xlpm.cnt>=2,_xlpm.cnt&"連"&_xlpm.c,"1"&_xlpm.c))} -> 3連O | Y8: {=INDEX(各隊正負!$F:$F, MATCH("*"&$W8&"*", 各隊正負!$A:$A, 0)+6)} -> X.X.X.O.O.X.X.O.O.O | AB8: {=INDEX(各隊正負!$F:$F, MATCH("*"&$W8&"*", 各隊正負!$A:$A, 0)+4)} -> L.L.L.W.W.L.L.W.W.W | AE8: {=_xlfn.LET(_xlpm.s,SUBSTITUTE(AB8,".",""),_xlpm.c,RIGHT(_xlpm.s,1),_xlpm.n,ROW(INDIRECT("1:"&LEN(_xlpm.s))),_xlpm.cnt,MAX(IF(RIGHT(_xlpm.s,_xlpm.n)=REPT(_xlpm.c,_xlpm.n),_xlpm.n,0)),_xlpm.suffix,IF(_xlpm.c="W","勝","敗"),IF(_xlpm.cnt>=2,_xlpm.cnt&"連"&_xlpm.suffix,"1"&_xlpm.suffix))} -> 3連勝 | AF8: =E6 -> 水手 | AG8: {=IFERROR(INDEX(各隊total!$B:$AB, MATCH($AF8, 各隊total!$A:$A, 0), COLUMN(A7)), "")} -> 29 | AH8: =CB15 -> 3.9 | AI8: =VLOOKUP(AH8*1, BV$15:BX$25, 3, TRUE) -> B- | AJ8: =CC15 -> 5.05 | AK8: =VLOOKUP(AJ8*1, BY$15:CA$25, 3, TRUE) -> A- | AL8: {=IFERROR(INDEX(各隊total!$C:$AB, MATCH($AF8, 各隊total!$A:$A, 0), COLUMN(A7)), "")} -> 960 | AM8: {=IFERROR(INDEX(各隊total!$D:$AB, MATCH($AF8, 各隊total!$A:$A, 0), COLUMN(A7)), "")} -> 118 | AN8: {=IFERROR(INDEX(各隊total!$E:$AB, MATCH($AF8, 各隊total!$A:$A, 0), COLUMN(A7)), "")} -> 224 | AO8: {=IFERROR(INDEX(各隊total!$F:$AB, MATCH($AF8, 各隊total!$A:$A, 0), COLUMN(A7)), "")} -> 40 | AP8: {=IFERROR(INDEX(各隊total!$G:$AB, MATCH($AF8, 各隊total!$A:$A, 0), COLUMN(A7)), "")} -> 3 | AQ8: {=IFERROR(INDEX(各隊total!$H:$AB, MATCH($AF8, 各隊total!$A:$A, 0), COLUMN(A7)), "")} -> 31 | AR8: {=IFERROR(INDEX(各隊total!$I:$AB, MATCH($AF8, 各隊total!$A:$A, 0), COLUMN(A7)), "")} -> 115 | AS8: {=IFERROR(INDEX(各隊total!$J:$AB, MATCH($AF8, 各隊total!$A:$A, 0), COLUMN(A7)), "")} -> 363 | AT8: {=IFERROR(INDEX(各隊total!$K:$AB, MATCH($AF8, 各隊total!$A:$A, 0), COLUMN(A7)), "")} -> 113 | AU8: {=IFERROR(INDEX(各隊total!$L:$AB, MATCH($AF8, 各隊total!$A:$A, 0), COLUMN(A7)), "")} -> 264 | AV8: {=IFERROR(INDEX(各隊total!$M:$AB, MATCH($AF8, 各隊total!$A:$A, 0), COLUMN(A7)), "")} -> 21 | AW8: {=IFERROR(INDEX(各隊total!$N:$AB, MATCH($AF8, 各隊total!$A:$A, 0), COLUMN(A7)), "")} -> .233 | AX8: {=IFERROR(INDEX(各隊total!$O:$AB, MATCH($AF8, 各隊total!$A:$A, 0), COLUMN(A7)), "")} -> .324 | AY8: {=IFERROR(INDEX(各隊total!$P:$AB, MATCH($AF8, 各隊total!$A:$A, 0), COLUMN(A7)), "")} -> .378 | AZ8: {=IFERROR(INDEX(各隊total!$Q:$AB, MATCH($AF8, 各隊total!$A:$A, 0), COLUMN(A7)), "")} -> .702 | BA8: {=IFERROR(INDEX(各隊total!$R:$AB, MATCH($AF8, 各隊total!$A:$A, 0), COLUMN(A7)), "")} -> 0 | BB8: {=IFERROR(INDEX(各隊total!$S:$AB, MATCH($AF8, 各隊total!$A:$A, 0), COLUMN(A7)), "")} -> 123.7 | BC8: {=IFERROR(INDEX(各隊total!$T:$AB, MATCH($AF8, 各隊total!$A:$A, 0), COLUMN(A7)), "")} -> 4.4 | BD8: {=IFERROR(INDEX(各隊total!$U:$AB, MATCH($AF8, 各隊total!$A:$A, 0), COLUMN(A7)), "")} -> .103 | BE8: {=IFERROR(INDEX(各隊total!$V:$AB, MATCH($AF8, 各隊total!$A:$A, 0), COLUMN(A7)), "")} -> 0.43 | BF8: {=IFERROR(INDEX(各隊total!$W:$AB, MATCH($AF8, 各隊total!$A:$A, 0), COLUMN(A7)), "")} -> .145 | BG8: {=IFERROR(INDEX(各隊total!$X:$AB, MATCH($AF8, 各隊total!$A:$A, 0), COLUMN(A7)), "")} -> .276 | BH8: {=IFERROR(INDEX(各隊total!$Y:$AB, MATCH($AF8, 各隊total!$A:$A, 0), COLUMN(A7)), "")} -> 4.01 | BI8: {=IFERROR(INDEX(各隊total!$Z:$AB, MATCH($AF8, 各隊total!$A:$A, 0), COLUMN(A7)), "")} -> 74 | BJ8: {=IFERROR(INDEX(各隊total!$AA:$AB, MATCH($AF8, 各隊total!$A:$A, 0), COLUMN(A7)), "")} -> 1101 | BK8: {=IFERROR(INDEX(各隊total!$AB:$AB, MATCH($AF8, 各隊total!$A:$A, 0), COLUMN(A7)), "")} -> 31.0 | BL8: {=IFERROR(INDEX(各隊total!$C:$AB, MATCH($AF8, 各隊total!$A:$A, 0), COLUMN(AA7)), "")} | BM8: 0.261 | BN8: 0.275 | BO8: 6 | BP8: 0.331 | BQ8: 0.345 | BR8: 6 | BS8: 0.446 | BT8: 0.475 | BU8: 6 | BV8: 4.9 | BW8: 5.2 | BX8: 6 | BY8: 4.7 | BZ8: 5 | CA8: 6 | CB8: =AF5 -> 海盜 | CD8: =AG5 -> 28 | CE8: =AL5 -> 971 | CF8: =AM5 -> 135 | CG8: =AN5 -> 234 | CH8: =AO5 -> 36 | CI8: =AP5 -> 2 | CJ8: =AQ5 -> 29 | CK8: =AR5 -> 130 | CL8: =AS5 -> 361 | ... DD8: =BK5 -> 33.5 | DF8: =先發名單!J$2 -> Ryan Vilade | DG8: {=IFERROR(INDEX(球員狀態!$C$2:$C$5000, MATCH(1, (球員狀態!$A$2:$A$5000=$DF$1)*(ISNUMBER(SEARCH($DF8, 球員狀態!$B$2:$B$5000))), 0)), "")} -> RF | DJ8: {=IFERROR(INDEX(球員狀態!$F$2:$F$5000, MATCH(1, (球員狀態!$A$2:$A$5000=$DF$1)*(ISNUMBER(SEARCH($DF8, 球員狀態!$B$2:$B$5000))), 0)), "")} -> 4 | DK8: {=IFERROR(INDEX(球員狀態!$G$2:$G$5000, MATCH(1, (球員狀態!$A$2:$A$5000=$DF$1)*(ISNUMBER(SEARCH($DF8, 球員狀態!$B$2:$B$5000))), 0)), "")} -> 8 | DL8: {=IFERROR(INDEX(球員狀態!H$2:H$5000, MATCH(1, (球員狀態!$A$2:$A$5000=$DF$1)*(ISNUMBER(SEARCH($DF8, 球員狀態!$B$2:$B$5000))), 0)), "")} -> 2 | DM8: {=IFERROR(INDEX(球員狀態!I$2:I$5000, MATCH(1, (球員狀態!$A$2:$A$5000=$DF$1)*(ISNUMBER(SEARCH($DF8, 球員狀態!$B$2:$B$5000))), 0)), "")} -> 0 | DN8: {=IFERROR(INDEX(球員狀態!J$2:J$5000, MATCH(1, (球員狀態!$A$2:$A$5000=$DF$1)*(ISNUMBER(SEARCH($DF8, 球員狀態!$B$2:$B$5000))), 0)), "")} -> 0 | DO8: {=IFERROR(INDEX(球員狀態!K$2:K$5000, MATCH(1, (球員狀態!$A$2:$A$5000=$DF$1)*(ISNUMBER(SEARCH($DF8, 球員狀態!$B$2:$B$5000))), 0)), "")} -> 3 | DP8: {=IFERROR(INDEX(球員狀態!L$2:L$5000, MATCH(1, (球員狀態!$A$2:$A$5000=$DF$1)*(ISNUMBER(SEARCH($DF8, 球員狀態!$B$2:$B$5000))), 0)), "")} -> 10 | DQ8: {=IFERROR(INDEX(球員狀態!M$2:M$5000, MATCH(1, (球員狀態!$A$2:$A$5000=$DF$1)*(ISNUMBER(SEARCH($DF8, 球員狀態!$B$2:$B$5000))), 0)), "")} -> 3 | DR8: {=IFERROR(INDEX(球員狀態!N$2:N$5000, MATCH(1, (球員狀態!$A$2:$A$5000=$DF$1)*(ISNUMBER(SEARCH($DF8, 球員狀態!$B$2:$B$5000))), 0)), "")} -> 6 | DS8: {=IFERROR(INDEX(球員狀態!O$2:O$5000, MATCH(1, (球員狀態!$A$2:$A$5000=$DF$1)*(ISNUMBER(SEARCH($DF8, 球員狀態!$B$2:$B$5000))), 0)), "")} -> 1 | ... EF8: {=IFERROR(INDEX(球員狀態!AB$2:AB$5000, MATCH(1, (球員狀態!$A$2:$A$5000=$DF$1)*(ISNUMBER(SEARCH($DF8, 球員狀態!$B$2:$B$5000))), 0)), "")} -> 2 | EI8: =先發名單!R$2 -> Jose Ramirez | EJ8: {=IFERROR(INDEX(球員狀態!$C$2:$C$5000, MATCH(1, (球員狀態!$A$2:$A$5000=$EI$1)*(ISNUMBER(SEARCH($EI8, 球員狀態!$B$2:$B$5000))), 0)), "")} -> 3B | EM8: {=IFERROR(INDEX(球員狀態!F$2:F$5000, MATCH(1, (球員狀態!$A$2:$A$5000=$EI$1)*(ISNUMBER(SEARCH($EI8, 球員狀態!$B$2:$B$5000))), 0)), "")} -> 19 | EN8: {=IFERROR(INDEX(球員狀態!G$2:G$5000, MATCH(1, (球員狀態!$A$2:$A$5000=$EI$1)*(ISNUMBER(SEARCH($EI8, 球員狀態!$B$2:$B$5000))), 0)), "")} -> 24 | EO8: {=IFERROR(INDEX(球員狀態!H$2:H$5000, MATCH(1, (球員狀態!$A$2:$A$5000=$EI$1)*(ISNUMBER(SEARCH($EI8, 球員狀態!$B$2:$B$5000))), 0)), "")} -> 6 | EP8: {=IFERROR(INDEX(球員狀態!I$2:I$5000, MATCH(1, (球員狀態!$A$2:$A$5000=$EI$1)*(ISNUMBER(SEARCH($EI8, 球員狀態!$B$2:$B$5000))), 0)), "")} -> 0 | EQ8: {=IFERROR(INDEX(球員狀態!J$2:J$5000, MATCH(1, (球員狀態!$A$2:$A$5000=$EI$1)*(ISNUMBER(SEARCH($EI8, 球員狀態!$B$2:$B$5000))), 0)), "")} -> 6 | ER8: {=IFERROR(INDEX(球員狀態!K$2:K$5000, MATCH(1, (球員狀態!$A$2:$A$5000=$EI$1)*(ISNUMBER(SEARCH($EI8, 球員狀態!$B$2:$B$5000))), 0)), "")} -> 12 | ES8: {=IFERROR(INDEX(球員狀態!L$2:L$5000, MATCH(1, (球員狀態!$A$2:$A$5000=$EI$1)*(ISNUMBER(SEARCH($EI8, 球員狀態!$B$2:$B$5000))), 0)), "")} -> 48 | ET8: {=IFERROR(INDEX(球員狀態!M$2:M$5000, MATCH(1, (球員狀態!$A$2:$A$5000=$EI$1)*(ISNUMBER(SEARCH($EI8, 球員狀態!$B$2:$B$5000))), 0)), "")} -> 21 | ... FI8: {=IFERROR(INDEX(球員狀態!AB$2:AB$5000, MATCH(1, (球員狀態!$A$2:$A$5000=$EI$1)*(ISNUMBER(SEARCH($EI8, 球員狀態!$B$2:$B$5000))), 0)), "")} -> 12 | FK8: 14.6 | FL8: 17 | FM8: 6 | FN8: 6.6 | FO8: 8 | FP8: 6 | FQ8: 6.1 | FR8: 7 | FS8: 6 | FT8: 1.31 | FU8: 1.5 | FV8: 6 | FW8: 1.21 | FX8: 1.5 | FY8: 6
A9: 7 | B9: 20260428 | C9: 09:40 | D9: 0 | E9: 小熊 | F9: 0 | G9: 0.34 | H9: 0 | I9: 教士 | J9: 1分贏 | K9: 0.66 | L9: {=IFERROR(SUBSTITUTE(INDEX(正負盤!$6:$20, ROW(A6), MATCH(1, (MONTH(正負盤!$4:$4)=MONTH(DATE(LEFT($A$1,4),MID($A$1,5,2),RIGHT($A$1,2))-10))*(DAY(正負盤!$4:$4)=DAY(DATE(LEFT($A$1,4),MID($A$1,5,2),RIGHT($A$1,2))-10)), 0)), 0, "-"), "")} -> O | M9: {=IFERROR(SUBSTITUTE(INDEX(正負盤!$6:$20, ROW(A6), MATCH(1, (MONTH(正負盤!$4:$4)=MONTH(DATE(LEFT($A$1,4),MID($A$1,5,2),RIGHT($A$1,2))-9))*(DAY(正負盤!$4:$4)=DAY(DATE(LEFT($A$1,4),MID($A$1,5,2),RIGHT($A$1,2))-9)), 0)), 0, "-"), "")} -> O | N9: {=IFERROR(SUBSTITUTE(INDEX(正負盤!$6:$20, ROW(A6), MATCH(1, (MONTH(正負盤!$4:$4)=MONTH(DATE(LEFT($A$1,4),MID($A$1,5,2),RIGHT($A$1,2))-8))*(DAY(正負盤!$4:$4)=DAY(DATE(LEFT($A$1,4),MID($A$1,5,2),RIGHT($A$1,2))-8)), 0)), 0, "-"), "")} -> X | O9: {=IFERROR(SUBSTITUTE(INDEX(正負盤!$6:$20, ROW(A6), MATCH(1, (MONTH(正負盤!$4:$4)=MONTH(DATE(LEFT($A$1,4),MID($A$1,5,2),RIGHT($A$1,2))-7))*(DAY(正負盤!$4:$4)=DAY(DATE(LEFT($A$1,4),MID($A$1,5,2),RIGHT($A$1,2))-7)), 0)), 0, "-"), "")} -> O | P9: {=IFERROR(SUBSTITUTE(INDEX(正負盤!$6:$20, ROW(A6), MATCH(1, (MONTH(正負盤!$4:$4)=MONTH(DATE(LEFT($A$1,4),MID($A$1,5,2),RIGHT($A$1,2))-6))*(DAY(正負盤!$4:$4)=DAY(DATE(LEFT($A$1,4),MID($A$1,5,2),RIGHT($A$1,2))-6)), 0)), 0, "-"), "")} -> O | Q9: {=IFERROR(SUBSTITUTE(INDEX(正負盤!$6:$20, ROW(A6), MATCH(1, (MONTH(正負盤!$4:$4)=MONTH(DATE(LEFT($A$1,4),MID($A$1,5,2),RIGHT($A$1,2))-5))*(DAY(正負盤!$4:$4)=DAY(DATE(LEFT($A$1,4),MID($A$1,5,2),RIGHT($A$1,2))-5)), 0)), 0, "-"), "")} | R9: {=IFERROR(SUBSTITUTE(INDEX(正負盤!$6:$20, ROW(A6), MATCH(1, (MONTH(正負盤!$4:$4)=MONTH(DATE(LEFT($A$1,4),MID($A$1,5,2),RIGHT($A$1,2))-4))*(DAY(正負盤!$4:$4)=DAY(DATE(LEFT($A$1,4),MID($A$1,5,2),RIGHT($A$1,2))-4)), 0)), 0, "-"), "")} -> O | S9: {=IFERROR(SUBSTITUTE(INDEX(正負盤!$6:$20, ROW(A6), MATCH(1, (MONTH(正負盤!$4:$4)=MONTH(DATE(LEFT($A$1,4),MID($A$1,5,2),RIGHT($A$1,2))-3))*(DAY(正負盤!$4:$4)=DAY(DATE(LEFT($A$1,4),MID($A$1,5,2),RIGHT($A$1,2))-3)), 0)), 0, "-"), "")} -> O | T9: {=IFERROR(SUBSTITUTE(INDEX(正負盤!$6:$20, ROW(A6), MATCH(1, (MONTH(正負盤!$4:$4)=MONTH(DATE(LEFT($A$1,4),MID($A$1,5,2),RIGHT($A$1,2))-2))*(DAY(正負盤!$4:$4)=DAY(DATE(LEFT($A$1,4),MID($A$1,5,2),RIGHT($A$1,2))-2)), 0)), 0, "-"), "")} -> O | U9: {=IFERROR(SUBSTITUTE(INDEX(正負盤!$6:$20, ROW(A6), MATCH(1, (MONTH(正負盤!$4:$4)=MONTH(DATE(LEFT($A$1,4),MID($A$1,5,2),RIGHT($A$1,2))-1))*(DAY(正負盤!$4:$4)=DAY(DATE(LEFT($A$1,4),MID($A$1,5,2),RIGHT($A$1,2))-1)), 0)), 0, "-"), "")} -> O | W9: =I6 -> 雙城 | X9: {=_xlfn.LET(_xlpm.s,SUBSTITUTE(Y9,".",""),_xlpm.c,RIGHT(_xlpm.s,1),_xlpm.n,ROW(INDIRECT("1:"&LEN(_xlpm.s))),_xlpm.cnt,MAX(IF(RIGHT(_xlpm.s,_xlpm.n)=REPT(_xlpm.c,_xlpm.n),_xlpm.n,0)),IF(_xlpm.cnt>=2,_xlpm.cnt&"連"&_xlpm.c,"1"&_xlpm.c))} -> 4連X | Y9: {=INDEX(各隊正負!$F:$F, MATCH("*"&$W9&"*", 各隊正負!$A:$A, 0)+6)} -> O.X.X.X.X.O.X.X.X.X | AB9: {=INDEX(各隊正負!$F:$F, MATCH("*"&$W9&"*", 各隊正負!$A:$A, 0)+4)} -> W.L.L.L.L.W.L.L.L.L | AE9: {=_xlfn.LET(_xlpm.s,SUBSTITUTE(AB9,".",""),_xlpm.c,RIGHT(_xlpm.s,1),_xlpm.n,ROW(INDIRECT("1:"&LEN(_xlpm.s))),_xlpm.cnt,MAX(IF(RIGHT(_xlpm.s,_xlpm.n)=REPT(_xlpm.c,_xlpm.n),_xlpm.n,0)),_xlpm.suffix,IF(_xlpm.c="W","勝","敗"),IF(_xlpm.cnt>=2,_xlpm.cnt&"連"&_xlpm.suffix,"1"&_xlpm.suffix))} -> 4連敗 | AF9: =I6 -> 雙城 | AG9: {=IFERROR(INDEX(各隊total!$B:$AB, MATCH($AF9, 各隊total!$A:$A, 0), COLUMN(A8)), "")} -> 28 | AH9: =CB17 -> 4.45 | AI9: =VLOOKUP(AH9*1, BV$15:BX$25, 3, TRUE) -> B | AJ9: =CC17 -> 5.15 | AK9: =VLOOKUP(AJ9*1, BY$15:CA$25, 3, TRUE) -> A- | AL9: {=IFERROR(INDEX(各隊total!$C:$AB, MATCH($AF9, 各隊total!$A:$A, 0), COLUMN(A8)), "")} -> 927 | AM9: {=IFERROR(INDEX(各隊total!$D:$AB, MATCH($AF9, 各隊total!$A:$A, 0), COLUMN(A8)), "")} -> 132 | AN9: {=IFERROR(INDEX(各隊total!$E:$AB, MATCH($AF9, 各隊total!$A:$A, 0), COLUMN(A8)), "")} -> 210 | AO9: {=IFERROR(INDEX(各隊total!$F:$AB, MATCH($AF9, 各隊total!$A:$A, 0), COLUMN(A8)), "")} -> 34 | AP9: {=IFERROR(INDEX(各隊total!$G:$AB, MATCH($AF9, 各隊total!$A:$A, 0), COLUMN(A8)), "")} -> 2 | AQ9: {=IFERROR(INDEX(各隊total!$H:$AB, MATCH($AF9, 各隊total!$A:$A, 0), COLUMN(A8)), "")} -> 33 | AR9: {=IFERROR(INDEX(各隊total!$I:$AB, MATCH($AF9, 各隊total!$A:$A, 0), COLUMN(A8)), "")} -> 127 | AS9: {=IFERROR(INDEX(各隊total!$J:$AB, MATCH($AF9, 各隊total!$A:$A, 0), COLUMN(A8)), "")} -> 347 | AT9: {=IFERROR(INDEX(各隊total!$K:$AB, MATCH($AF9, 各隊total!$A:$A, 0), COLUMN(A8)), "")} -> 119 | AU9: {=IFERROR(INDEX(各隊total!$L:$AB, MATCH($AF9, 各隊total!$A:$A, 0), COLUMN(A8)), "")} -> 249 | AV9: {=IFERROR(INDEX(各隊total!$M:$AB, MATCH($AF9, 各隊total!$A:$A, 0), COLUMN(A8)), "")} -> 18 | AW9: {=IFERROR(INDEX(各隊total!$N:$AB, MATCH($AF9, 各隊total!$A:$A, 0), COLUMN(A8)), "")} -> .227 | AX9: {=IFERROR(INDEX(各隊total!$O:$AB, MATCH($AF9, 各隊total!$A:$A, 0), COLUMN(A8)), "")} -> .323 | AY9: {=IFERROR(INDEX(各隊total!$P:$AB, MATCH($AF9, 各隊total!$A:$A, 0), COLUMN(A8)), "")} -> .374 | AZ9: {=IFERROR(INDEX(各隊total!$Q:$AB, MATCH($AF9, 各隊total!$A:$A, 0), COLUMN(A8)), "")} -> .698 | BA9: {=IFERROR(INDEX(各隊total!$R:$AB, MATCH($AF9, 各隊total!$A:$A, 0), COLUMN(A8)), "")} -> 0 | BB9: {=IFERROR(INDEX(各隊total!$S:$AB, MATCH($AF9, 各隊total!$A:$A, 0), COLUMN(A8)), "")} -> 118.7 | BC9: {=IFERROR(INDEX(各隊total!$T:$AB, MATCH($AF9, 各隊total!$A:$A, 0), COLUMN(A8)), "")} -> 4.3 | BD9: {=IFERROR(INDEX(各隊total!$U:$AB, MATCH($AF9, 各隊total!$A:$A, 0), COLUMN(A8)), "")} -> .111 | BE9: {=IFERROR(INDEX(各隊total!$V:$AB, MATCH($AF9, 各隊total!$A:$A, 0), COLUMN(A8)), "")} -> 0.48 | BF9: {=IFERROR(INDEX(各隊total!$W:$AB, MATCH($AF9, 各隊total!$A:$A, 0), COLUMN(A8)), "")} -> .148 | BG9: {=IFERROR(INDEX(各隊total!$X:$AB, MATCH($AF9, 各隊total!$A:$A, 0), COLUMN(A8)), "")} -> .288 | BH9: {=IFERROR(INDEX(各隊total!$Y:$AB, MATCH($AF9, 各隊total!$A:$A, 0), COLUMN(A8)), "")} -> 4.01 | BI9: {=IFERROR(INDEX(各隊total!$Z:$AB, MATCH($AF9, 各隊total!$A:$A, 0), COLUMN(A8)), "")} -> 69 | BJ9: {=IFERROR(INDEX(各隊total!$AA:$AB, MATCH($AF9, 各隊total!$A:$A, 0), COLUMN(A8)), "")} -> 1075 | BK9: {=IFERROR(INDEX(各隊total!$AB:$AB, MATCH($AF9, 各隊total!$A:$A, 0), COLUMN(A8)), "")} -> 28.1 | BL9: {=IFERROR(INDEX(各隊total!$C:$AB, MATCH($AF9, 各隊total!$A:$A, 0), COLUMN(AA8)), "")} | BM9: 0.276 | BN9: 0.29 | BO9: 7 | BP9: 0.346 | BQ9: 0.36 | BR9: 7 | BS9: 0.476 | BT9: 0.51 | BU9: 7 | BV9: 5.3 | BW9: 5.6 | BX9: 7 | BY9: 5.1 | BZ9: 5.4 | CA9: 7 | CB9: =CF9+CJ9+CK9+CM9+CO9+CP9+CQ9+CR9 -> 4.4 | CC9: =CU9+CV9+CY9+CZ9+DA9 -> 4.7 | CF9: =VLOOKUP(ROUND(CF8/CD8, 2), $BV$2:$BX$12, 3, TRUE)*BX$1 -> 0.75 | CJ9: =VLOOKUP(ROUND(CJ8/CD8, 2), $BM$15:$BO$25, 3, TRUE)*BO$14 -> 0.4 | CK9: =VLOOKUP(ROUND(CK8/CD8, 2), $BY$2:$CA$12, 3, TRUE)*CA$1 -> 0.5 | CM9: =VLOOKUP(ROUND(CM8/CN8, 2), $BP$15:$BR$25, 3, TRUE)*BR$14 -> 0.4 | CO9: =VLOOKUP(ROUND(CO8/CD8, 2), $BS$15:$BU$25, 3, TRUE)*BU$14 -> 0.35 | CP9: =VLOOKUP(CP8*1, BM$2:BO$12, 3, TRUE)*BO$1 -> 0.4 | CQ9: =VLOOKUP(CQ8*1, BP$2:BR$12, 3, TRUE)*BR$1 -> 1 | CR9: =VLOOKUP(CR8*1, BS$2:BU$12, 3, TRUE)*BU$1 -> 0.6 | CU9: =VLOOKUP(CU8*1, BM$28:BO$38, 3, TRUE)*BO$27 -> 0.9 | CV9: =VLOOKUP(CV8*1, BP$28:BR$38, 3, TRUE)*BR$27 -> 1.4 | CY9: =VLOOKUP(CY8*1, BS$28:BU$38, 3, TRUE)*BU$27 -> 0.6 | CZ9: =VLOOKUP(CZ8*1, BV$28:BX$38, 3, TRUE)*BX$27 -> 0.6 | DA9: =VLOOKUP(DA8*1, BY$28:CA$38, 3, TRUE)*CA$27 -> 1.2 | DH9: =DJ9+DL9+DM9+DN9+DO9-DP9-DQ9+DR9 -> 0.8 | DI9: =DU9+DX9+EA9+ED9+EE9+EF9 -> 5 | DJ9: =VLOOKUP(DJ8*1, FK$2:FM$12, 3, TRUE)*FM$1 -> 0.25 | DL9: =VLOOKUP(DL8*1, FN$2:FP$12, 3, TRUE)*FP$1 -> 0.15 | DM9: =VLOOKUP(DM8*1, FQ$2:FS$12, 3, TRUE)*FS$1 -> 0 | DN9: =VLOOKUP(DN8*1, FT$2:FV$12, 3, TRUE)*FV$1 -> 0 | DO9: =VLOOKUP(DO8*1, FW$2:FY$12, 3, TRUE)*FY$1 -> 0.5 | DP9: =VLOOKUP(DP8*1, FK$14:FM$25, 3, TRUE)*FM$14 -> 1 | DQ9: =VLOOKUP(DQ8*1, FN$14:FP$25, 3, TRUE)*FP$14 -> 0.6 | DR9: =VLOOKUP(DR8*1, FQ$14:FS$25, 3, TRUE)*FS$14 -> 1.5 | DU9: =VLOOKUP(DU8*1, FK$27:FM$38, 3, TRUE)*FM$27 -> 0 | DX9: =VLOOKUP(DX8*1, FN$27:FP$38, 3, TRUE)*FP$27 -> 0 | EA9: =VLOOKUP(EA8*1, FQ$27:FS$38, 3, TRUE)*FS$27 -> 0 | ED9: =VLOOKUP(ED8*1, FT$27:FV$38, 3, TRUE)*FV$27 -> 0 | EE9: =VLOOKUP(EE8*1, FW$27:FY$38, 3, TRUE)*FY$27 -> 1.5 | EF9: =VLOOKUP(EF8*1, FK$40:FM$51, 3, TRUE)*FM$40 -> 3.5 | EK9: =EM9+EO9+EP9+EQ9+ER9-ES9-ET9+EU9 -> 3.5 | EL9: =EX9+FA9+FD9+FG9+FH9+FI9 -> 5 | EM9: =VLOOKUP(EM8*1, $FK$2:$FM$12, 3, TRUE)*$FM$1 -> 1.75 | EO9: =VLOOKUP(EO8*1, $FN$2:$FP$12, 3, TRUE)*$FP$1 -> 0.75 | EP9: =VLOOKUP(EP8*1, $FQ$2:$FS$12, 3, TRUE)*$FS$1 -> 0 | EQ9: =VLOOKUP(EQ8*1, $FT$2:$FV$12, 3, TRUE)*$FV$1 -> 1 | ER9: =VLOOKUP(ER8*1, $FW$2:$FY$12, 3, TRUE)*$FY$1 -> 0.5 | ES9: =VLOOKUP(ES8*1, $FK$14:$FM$25, 3, TRUE)*$FM$14 -> 1 | ET9: =VLOOKUP(ET8*1, $FN$14:$FP$25, 3, TRUE)*$FP$14 -> 1 | EU9: =VLOOKUP(EU8*1, $FQ$14:$FS$25, 3, TRUE)*$FS$14 -> 1.5 | EX9: =VLOOKUP(EX8*1, $FK$27:$FM$38, 3, TRUE)*$FM$27 -> 0 | FA9: =VLOOKUP(FA8*1, $FN$27:$FP$38, 3, TRUE)*$FP$27 -> 0 | FD9: =VLOOKUP(FD8*1, $FQ$27:$FS$38, 3, TRUE)*$FS$27 -> 0 | FG9: =VLOOKUP(FG8*1, $FT$27:$FV$38, 3, TRUE)*$FV$27 -> 0 | FH9: =VLOOKUP(FH8*1, $FW$27:$FY$38, 3, TRUE)*$FY$27 -> 1.5 | FI9: =VLOOKUP(FI8*1, $FK$40:$FM$51, 3, TRUE)*$FM$40 -> 3.5 | FK9: 17.1 | FL9: 20 | FM9: 7 | FN9: 8.1 | FO9: 9.5 | FP9: 7 | FQ9: 7.1 | FR9: 8.2 | FS9: 7 | FT9: 1.51 | FU9: 1.7 | FV9: 7 | FW9: 1.51 | FX9: 1.8 | FY9: 7
A10: 8 | B10: 20260428 | C10: 10:10 | D10: 0 | E10: 馬林魚 | F10: 0 | G10: 0.24 | H10: 0 | I10: 道奇 | J10: 2分輸 | K10: 0.76 | L10: {=IFERROR(SUBSTITUTE(INDEX(正負盤!$6:$20, ROW(A7), MATCH(1, (MONTH(正負盤!$4:$4)=MONTH(DATE(LEFT($A$1,4),MID($A$1,5,2),RIGHT($A$1,2))-10))*(DAY(正負盤!$4:$4)=DAY(DATE(LEFT($A$1,4),MID($A$1,5,2),RIGHT($A$1,2))-10)), 0)), 0, "-"), "")} -> O | M10: {=IFERROR(SUBSTITUTE(INDEX(正負盤!$6:$20, ROW(A7), MATCH(1, (MONTH(正負盤!$4:$4)=MONTH(DATE(LEFT($A$1,4),MID($A$1,5,2),RIGHT($A$1,2))-9))*(DAY(正負盤!$4:$4)=DAY(DATE(LEFT($A$1,4),MID($A$1,5,2),RIGHT($A$1,2))-9)), 0)), 0, "-"), "")} -> O | N10: {=IFERROR(SUBSTITUTE(INDEX(正負盤!$6:$20, ROW(A7), MATCH(1, (MONTH(正負盤!$4:$4)=MONTH(DATE(LEFT($A$1,4),MID($A$1,5,2),RIGHT($A$1,2))-8))*(DAY(正負盤!$4:$4)=DAY(DATE(LEFT($A$1,4),MID($A$1,5,2),RIGHT($A$1,2))-8)), 0)), 0, "-"), "")} -> X | O10: {=IFERROR(SUBSTITUTE(INDEX(正負盤!$6:$20, ROW(A7), MATCH(1, (MONTH(正負盤!$4:$4)=MONTH(DATE(LEFT($A$1,4),MID($A$1,5,2),RIGHT($A$1,2))-7))*(DAY(正負盤!$4:$4)=DAY(DATE(LEFT($A$1,4),MID($A$1,5,2),RIGHT($A$1,2))-7)), 0)), 0, "-"), "")} -> O | P10: {=IFERROR(SUBSTITUTE(INDEX(正負盤!$6:$20, ROW(A7), MATCH(1, (MONTH(正負盤!$4:$4)=MONTH(DATE(LEFT($A$1,4),MID($A$1,5,2),RIGHT($A$1,2))-6))*(DAY(正負盤!$4:$4)=DAY(DATE(LEFT($A$1,4),MID($A$1,5,2),RIGHT($A$1,2))-6)), 0)), 0, "-"), "")} -> X | Q10: {=IFERROR(SUBSTITUTE(INDEX(正負盤!$6:$20, ROW(A7), MATCH(1, (MONTH(正負盤!$4:$4)=MONTH(DATE(LEFT($A$1,4),MID($A$1,5,2),RIGHT($A$1,2))-5))*(DAY(正負盤!$4:$4)=DAY(DATE(LEFT($A$1,4),MID($A$1,5,2),RIGHT($A$1,2))-5)), 0)), 0, "-"), "")} | R10: {=IFERROR(SUBSTITUTE(INDEX(正負盤!$6:$20, ROW(A7), MATCH(1, (MONTH(正負盤!$4:$4)=MONTH(DATE(LEFT($A$1,4),MID($A$1,5,2),RIGHT($A$1,2))-4))*(DAY(正負盤!$4:$4)=DAY(DATE(LEFT($A$1,4),MID($A$1,5,2),RIGHT($A$1,2))-4)), 0)), 0, "-"), "")} -> O | S10: {=IFERROR(SUBSTITUTE(INDEX(正負盤!$6:$20, ROW(A7), MATCH(1, (MONTH(正負盤!$4:$4)=MONTH(DATE(LEFT($A$1,4),MID($A$1,5,2),RIGHT($A$1,2))-3))*(DAY(正負盤!$4:$4)=DAY(DATE(LEFT($A$1,4),MID($A$1,5,2),RIGHT($A$1,2))-3)), 0)), 0, "-"), "")} -> X | T10: {=IFERROR(SUBSTITUTE(INDEX(正負盤!$6:$20, ROW(A7), MATCH(1, (MONTH(正負盤!$4:$4)=MONTH(DATE(LEFT($A$1,4),MID($A$1,5,2),RIGHT($A$1,2))-2))*(DAY(正負盤!$4:$4)=DAY(DATE(LEFT($A$1,4),MID($A$1,5,2),RIGHT($A$1,2))-2)), 0)), 0, "-"), "")} -> X | U10: {=IFERROR(SUBSTITUTE(INDEX(正負盤!$6:$20, ROW(A7), MATCH(1, (MONTH(正負盤!$4:$4)=MONTH(DATE(LEFT($A$1,4),MID($A$1,5,2),RIGHT($A$1,2))-1))*(DAY(正負盤!$4:$4)=DAY(DATE(LEFT($A$1,4),MID($A$1,5,2),RIGHT($A$1,2))-1)), 0)), 0, "-"), "")} -> O | V10: =C7 -> 07:40 | W10: =E7 -> 天使 | X10: {=_xlfn.LET(_xlpm.s,SUBSTITUTE(Y10,".",""),_xlpm.c,RIGHT(_xlpm.s,1),_xlpm.n,ROW(INDIRECT("1:"&LEN(_xlpm.s))),_xlpm.cnt,MAX(IF(RIGHT(_xlpm.s,_xlpm.n)=REPT(_xlpm.c,_xlpm.n),_xlpm.n,0)),IF(_xlpm.cnt>=2,_xlpm.cnt&"連"&_xlpm.c,"1"&_xlpm.c))} -> 5連X | Y10: {=INDEX(各隊正負!$F:$F, MATCH("*"&$W10&"*", 各隊正負!$A:$A, 0)+6)} -> O.O.O.X.O.X.X.X.X.X | AB10: {=INDEX(各隊正負!$F:$F, MATCH("*"&$W10&"*", 各隊正負!$A:$A, 0)+4)} -> L.W.W.L.L.L.L.L.L.L | AE10: {=_xlfn.LET(_xlpm.s,SUBSTITUTE(AB10,".",""),_xlpm.c,RIGHT(_xlpm.s,1),_xlpm.n,ROW(INDIRECT("1:"&LEN(_xlpm.s))),_xlpm.cnt,MAX(IF(RIGHT(_xlpm.s,_xlpm.n)=REPT(_xlpm.c,_xlpm.n),_xlpm.n,0)),_xlpm.suffix,IF(_xlpm.c="W","勝","敗"),IF(_xlpm.cnt>=2,_xlpm.cnt&"連"&_xlpm.suffix,"1"&_xlpm.suffix))} -> 7連敗 | AF10: =E7 -> 天使 | AG10: {=IFERROR(INDEX(各隊total!$B:$AB, MATCH($AF10, 各隊total!$A:$A, 0), COLUMN(A9)), "")} -> 29 | AH10: =CB19 -> 4.75 | AI10: =VLOOKUP(AH10*1, BV$15:BX$25, 3, TRUE) -> B+ | AJ10: =CC19 -> 5.95 | AK10: =VLOOKUP(AJ10*1, BY$15:CA$25, 3, TRUE) -> A | AL10: {=IFERROR(INDEX(各隊total!$C:$AB, MATCH($AF10, 各隊total!$A:$A, 0), COLUMN(A9)), "")} -> 964 | AM10: {=IFERROR(INDEX(各隊total!$D:$AB, MATCH($AF10, 各隊total!$A:$A, 0), COLUMN(A9)), "")} -> 139 | AN10: {=IFERROR(INDEX(各隊total!$E:$AB, MATCH($AF10, 各隊total!$A:$A, 0), COLUMN(A9)), "")} -> 224 | AO10: {=IFERROR(INDEX(各隊total!$F:$AB, MATCH($AF10, 各隊total!$A:$A, 0), COLUMN(A9)), "")} -> 38 | AP10: {=IFERROR(INDEX(各隊total!$G:$AB, MATCH($AF10, 各隊total!$A:$A, 0), COLUMN(A9)), "")} -> 2 | AQ10: {=IFERROR(INDEX(各隊total!$H:$AB, MATCH($AF10, 各隊total!$A:$A, 0), COLUMN(A9)), "")} -> 38 | AR10: {=IFERROR(INDEX(各隊total!$I:$AB, MATCH($AF10, 各隊total!$A:$A, 0), COLUMN(A9)), "")} -> 133 | AS10: {=IFERROR(INDEX(各隊total!$J:$AB, MATCH($AF10, 各隊total!$A:$A, 0), COLUMN(A9)), "")} -> 380 | AT10: {=IFERROR(INDEX(各隊total!$K:$AB, MATCH($AF10, 各隊total!$A:$A, 0), COLUMN(A9)), "")} -> 130 | AU10: {=IFERROR(INDEX(各隊total!$L:$AB, MATCH($AF10, 各隊total!$A:$A, 0), COLUMN(A9)), "")} -> 286 | AV10: {=IFERROR(INDEX(各隊total!$M:$AB, MATCH($AF10, 各隊total!$A:$A, 0), COLUMN(A9)), "")} -> 18 | AW10: {=IFERROR(INDEX(各隊total!$N:$AB, MATCH($AF10, 各隊total!$A:$A, 0), COLUMN(A9)), "")} -> .232 | AX10: {=IFERROR(INDEX(各隊total!$O:$AB, MATCH($AF10, 各隊total!$A:$A, 0), COLUMN(A9)), "")} -> .334 | AY10: {=IFERROR(INDEX(各隊total!$P:$AB, MATCH($AF10, 各隊total!$A:$A, 0), COLUMN(A9)), "")} -> .394 | AZ10: {=IFERROR(INDEX(各隊total!$Q:$AB, MATCH($AF10, 各隊total!$A:$A, 0), COLUMN(A9)), "")} -> .728 | BA10: {=IFERROR(INDEX(各隊total!$R:$AB, MATCH($AF10, 各隊total!$A:$A, 0), COLUMN(A9)), "")} -> 0 | BB10: {=IFERROR(INDEX(各隊total!$S:$AB, MATCH($AF10, 各隊total!$A:$A, 0), COLUMN(A9)), "")} -> 131.6 | BC10: {=IFERROR(INDEX(各隊total!$T:$AB, MATCH($AF10, 各隊total!$A:$A, 0), COLUMN(A9)), "")} -> 4.5 | BD10: {=IFERROR(INDEX(各隊total!$U:$AB, MATCH($AF10, 各隊total!$A:$A, 0), COLUMN(A9)), "")} -> .115 | BE10: {=IFERROR(INDEX(各隊total!$V:$AB, MATCH($AF10, 各隊total!$A:$A, 0), COLUMN(A9)), "")} -> 0.45 | BF10: {=IFERROR(INDEX(各隊total!$W:$AB, MATCH($AF10, 各隊total!$A:$A, 0), COLUMN(A9)), "")} -> .162 | BG10: {=IFERROR(INDEX(各隊total!$X:$AB, MATCH($AF10, 各隊total!$A:$A, 0), COLUMN(A9)), "")} -> .310 | BH10: {=IFERROR(INDEX(各隊total!$Y:$AB, MATCH($AF10, 各隊total!$A:$A, 0), COLUMN(A9)), "")} -> 4.03 | BI10: {=IFERROR(INDEX(各隊total!$Z:$AB, MATCH($AF10, 各隊total!$A:$A, 0), COLUMN(A9)), "")} -> 78 | BJ10: {=IFERROR(INDEX(各隊total!$AA:$AB, MATCH($AF10, 各隊total!$A:$A, 0), COLUMN(A9)), "")} -> 1129 | BK10: {=IFERROR(INDEX(各隊total!$AB:$AB, MATCH($AF10, 各隊total!$A:$A, 0), COLUMN(A9)), "")} -> 25.4 | BL10: {=IFERROR(INDEX(各隊total!$C:$AB, MATCH($AF10, 各隊total!$A:$A, 0), COLUMN(AA9)), "")} | BM10: 0.291 | BN10: 0.3 | BO10: 8 | BP10: 0.361 | BQ10: 0.375 | BR10: 8 | BS10: 0.511 | BT10: 0.55 | BU10: 8 | BV10: 5.7 | BW10: 6 | BX10: 8 | BY10: 5.5 | BZ10: 5.8 | CA10: 8 | CB10: =AF6 -> 紅襪 | CD10: =AG6 -> 28 | CE10: =AL6 -> 936 | CF10: =AM6 -> 117 | CG10: =AN6 -> 218 | CH10: =AO6 -> 50 | CI10: =AP6 -> 4 | CJ10: =AQ6 -> 19 | CK10: =AR6 -> 112 | CL10: =AS6 -> 333 | ... DD10: =BK6 -> 49.3 | DF10: =先發名單!K$2 -> Jonny DeLuca | DG10: {=IFERROR(INDEX(球員狀態!$C$2:$C$5000, MATCH(1, (球員狀態!$A$2:$A$5000=$DF$1)*(ISNUMBER(SEARCH($DF10, 球員狀態!$B$2:$B$5000))), 0)), "")} -> CF | DJ10: {=IFERROR(INDEX(球員狀態!$F$2:$F$5000, MATCH(1, (球員狀態!$A$2:$A$5000=$DF$1)*(ISNUMBER(SEARCH($DF10, 球員狀態!$B$2:$B$5000))), 0)), "")} -> 12 | DK10: {=IFERROR(INDEX(球員狀態!$G$2:$G$5000, MATCH(1, (球員狀態!$A$2:$A$5000=$DF$1)*(ISNUMBER(SEARCH($DF10, 球員狀態!$B$2:$B$5000))), 0)), "")} -> 16 | DL10: {=IFERROR(INDEX(球員狀態!H$2:H$5000, MATCH(1, (球員狀態!$A$2:$A$5000=$DF$1)*(ISNUMBER(SEARCH($DF10, 球員狀態!$B$2:$B$5000))), 0)), "")} -> 5 | DM10: {=IFERROR(INDEX(球員狀態!I$2:I$5000, MATCH(1, (球員狀態!$A$2:$A$5000=$DF$1)*(ISNUMBER(SEARCH($DF10, 球員狀態!$B$2:$B$5000))), 0)), "")} -> 0 | DN10: {=IFERROR(INDEX(球員狀態!J$2:J$5000, MATCH(1, (球員狀態!$A$2:$A$5000=$DF$1)*(ISNUMBER(SEARCH($DF10, 球員狀態!$B$2:$B$5000))), 0)), "")} -> 2 | DO10: {=IFERROR(INDEX(球員狀態!K$2:K$5000, MATCH(1, (球員狀態!$A$2:$A$5000=$DF$1)*(ISNUMBER(SEARCH($DF10, 球員狀態!$B$2:$B$5000))), 0)), "")} -> 13 | DP10: {=IFERROR(INDEX(球員狀態!L$2:L$5000, MATCH(1, (球員狀態!$A$2:$A$5000=$DF$1)*(ISNUMBER(SEARCH($DF10, 球員狀態!$B$2:$B$5000))), 0)), "")} -> 27 | DQ10: {=IFERROR(INDEX(球員狀態!M$2:M$5000, MATCH(1, (球員狀態!$A$2:$A$5000=$DF$1)*(ISNUMBER(SEARCH($DF10, 球員狀態!$B$2:$B$5000))), 0)), "")} -> 3 | DR10: {=IFERROR(INDEX(球員狀態!N$2:N$5000, MATCH(1, (球員狀態!$A$2:$A$5000=$DF$1)*(ISNUMBER(SEARCH($DF10, 球員狀態!$B$2:$B$5000))), 0)), "")} -> 10 | DS10: {=IFERROR(INDEX(球員狀態!O$2:O$5000, MATCH(1, (球員狀態!$A$2:$A$5000=$DF$1)*(ISNUMBER(SEARCH($DF10, 球員狀態!$B$2:$B$5000))), 0)), "")} -> 2 | ... EF10: {=IFERROR(INDEX(球員狀態!AB$2:AB$5000, MATCH(1, (球員狀態!$A$2:$A$5000=$DF$1)*(ISNUMBER(SEARCH($DF10, 球員狀態!$B$2:$B$5000))), 0)), "")} -> 7 | EI10: =先發名單!S$2 -> Rhys Hoskins | EJ10: {=IFERROR(INDEX(球員狀態!$C$2:$C$5000, MATCH(1, (球員狀態!$A$2:$A$5000=$EI$1)*(ISNUMBER(SEARCH($EI10, 球員狀態!$B$2:$B$5000))), 0)), "")} -> 1B | EM10: {=IFERROR(INDEX(球員狀態!F$2:F$5000, MATCH(1, (球員狀態!$A$2:$A$5000=$EI$1)*(ISNUMBER(SEARCH($EI10, 球員狀態!$B$2:$B$5000))), 0)), "")} -> 12 | EN10: {=IFERROR(INDEX(球員狀態!G$2:G$5000, MATCH(1, (球員狀態!$A$2:$A$5000=$EI$1)*(ISNUMBER(SEARCH($EI10, 球員狀態!$B$2:$B$5000))), 0)), "")} -> 14 | EO10: {=IFERROR(INDEX(球員狀態!H$2:H$5000, MATCH(1, (球員狀態!$A$2:$A$5000=$EI$1)*(ISNUMBER(SEARCH($EI10, 球員狀態!$B$2:$B$5000))), 0)), "")} -> 5 | EP10: {=IFERROR(INDEX(球員狀態!I$2:I$5000, MATCH(1, (球員狀態!$A$2:$A$5000=$EI$1)*(ISNUMBER(SEARCH($EI10, 球員狀態!$B$2:$B$5000))), 0)), "")} -> 0 | EQ10: {=IFERROR(INDEX(球員狀態!J$2:J$5000, MATCH(1, (球員狀態!$A$2:$A$5000=$EI$1)*(ISNUMBER(SEARCH($EI10, 球員狀態!$B$2:$B$5000))), 0)), "")} -> 1 | ER10: {=IFERROR(INDEX(球員狀態!K$2:K$5000, MATCH(1, (球員狀態!$A$2:$A$5000=$EI$1)*(ISNUMBER(SEARCH($EI10, 球員狀態!$B$2:$B$5000))), 0)), "")} -> 6 | ES10: {=IFERROR(INDEX(球員狀態!L$2:L$5000, MATCH(1, (球員狀態!$A$2:$A$5000=$EI$1)*(ISNUMBER(SEARCH($EI10, 球員狀態!$B$2:$B$5000))), 0)), "")} -> 22 | ET10: {=IFERROR(INDEX(球員狀態!M$2:M$5000, MATCH(1, (球員狀態!$A$2:$A$5000=$EI$1)*(ISNUMBER(SEARCH($EI10, 球員狀態!$B$2:$B$5000))), 0)), "")} -> 15 | ... FI10: {=IFERROR(INDEX(球員狀態!AB$2:AB$5000, MATCH(1, (球員狀態!$A$2:$A$5000=$EI$1)*(ISNUMBER(SEARCH($EI10, 球員狀態!$B$2:$B$5000))), 0)), "")} -> 6 | FK10: 20.1 | FL10: 24 | FM10: 8 | FN10: 9.6 | FO10: 11 | FP10: 8 | FQ10: 8.3 | FR10: 9.5 | FS10: 8 | FT10: 1.71 | FU10: 2 | FV10: 8 | FW10: 1.81 | FX10: 2.2 | FY10: 8
A11: 9 | B11: #N/A | C11: #N/A | D11: #N/A | E11: #N/A | F11: #N/A | G11: #N/A | H11: #N/A | I11: #N/A | J11: #N/A | K11: #N/A | L11: {=IFERROR(SUBSTITUTE(INDEX(正負盤!$6:$20, ROW(A8), MATCH(1, (MONTH(正負盤!$4:$4)=MONTH(DATE(LEFT($A$1,4),MID($A$1,5,2),RIGHT($A$1,2))-10))*(DAY(正負盤!$4:$4)=DAY(DATE(LEFT($A$1,4),MID($A$1,5,2),RIGHT($A$1,2))-10)), 0)), 0, "-"), "")} -> O | M11: {=IFERROR(SUBSTITUTE(INDEX(正負盤!$6:$20, ROW(A8), MATCH(1, (MONTH(正負盤!$4:$4)=MONTH(DATE(LEFT($A$1,4),MID($A$1,5,2),RIGHT($A$1,2))-9))*(DAY(正負盤!$4:$4)=DAY(DATE(LEFT($A$1,4),MID($A$1,5,2),RIGHT($A$1,2))-9)), 0)), 0, "-"), "")} -> O | N11: {=IFERROR(SUBSTITUTE(INDEX(正負盤!$6:$20, ROW(A8), MATCH(1, (MONTH(正負盤!$4:$4)=MONTH(DATE(LEFT($A$1,4),MID($A$1,5,2),RIGHT($A$1,2))-8))*(DAY(正負盤!$4:$4)=DAY(DATE(LEFT($A$1,4),MID($A$1,5,2),RIGHT($A$1,2))-8)), 0)), 0, "-"), "")} -> X | O11: {=IFERROR(SUBSTITUTE(INDEX(正負盤!$6:$20, ROW(A8), MATCH(1, (MONTH(正負盤!$4:$4)=MONTH(DATE(LEFT($A$1,4),MID($A$1,5,2),RIGHT($A$1,2))-7))*(DAY(正負盤!$4:$4)=DAY(DATE(LEFT($A$1,4),MID($A$1,5,2),RIGHT($A$1,2))-7)), 0)), 0, "-"), "")} -> O | P11: {=IFERROR(SUBSTITUTE(INDEX(正負盤!$6:$20, ROW(A8), MATCH(1, (MONTH(正負盤!$4:$4)=MONTH(DATE(LEFT($A$1,4),MID($A$1,5,2),RIGHT($A$1,2))-6))*(DAY(正負盤!$4:$4)=DAY(DATE(LEFT($A$1,4),MID($A$1,5,2),RIGHT($A$1,2))-6)), 0)), 0, "-"), "")} -> X | Q11: {=IFERROR(SUBSTITUTE(INDEX(正負盤!$6:$20, ROW(A8), MATCH(1, (MONTH(正負盤!$4:$4)=MONTH(DATE(LEFT($A$1,4),MID($A$1,5,2),RIGHT($A$1,2))-5))*(DAY(正負盤!$4:$4)=DAY(DATE(LEFT($A$1,4),MID($A$1,5,2),RIGHT($A$1,2))-5)), 0)), 0, "-"), "")} | R11: {=IFERROR(SUBSTITUTE(INDEX(正負盤!$6:$20, ROW(A8), MATCH(1, (MONTH(正負盤!$4:$4)=MONTH(DATE(LEFT($A$1,4),MID($A$1,5,2),RIGHT($A$1,2))-4))*(DAY(正負盤!$4:$4)=DAY(DATE(LEFT($A$1,4),MID($A$1,5,2),RIGHT($A$1,2))-4)), 0)), 0, "-"), "")} -> X | S11: {=IFERROR(SUBSTITUTE(INDEX(正負盤!$6:$20, ROW(A8), MATCH(1, (MONTH(正負盤!$4:$4)=MONTH(DATE(LEFT($A$1,4),MID($A$1,5,2),RIGHT($A$1,2))-3))*(DAY(正負盤!$4:$4)=DAY(DATE(LEFT($A$1,4),MID($A$1,5,2),RIGHT($A$1,2))-3)), 0)), 0, "-"), "")} -> X | T11: {=IFERROR(SUBSTITUTE(INDEX(正負盤!$6:$20, ROW(A8), MATCH(1, (MONTH(正負盤!$4:$4)=MONTH(DATE(LEFT($A$1,4),MID($A$1,5,2),RIGHT($A$1,2))-2))*(DAY(正負盤!$4:$4)=DAY(DATE(LEFT($A$1,4),MID($A$1,5,2),RIGHT($A$1,2))-2)), 0)), 0, "-"), "")} -> X | U11: {=IFERROR(SUBSTITUTE(INDEX(正負盤!$6:$20, ROW(A8), MATCH(1, (MONTH(正負盤!$4:$4)=MONTH(DATE(LEFT($A$1,4),MID($A$1,5,2),RIGHT($A$1,2))-1))*(DAY(正負盤!$4:$4)=DAY(DATE(LEFT($A$1,4),MID($A$1,5,2),RIGHT($A$1,2))-1)), 0)), 0, "-"), "")} -> X | W11: =I7 -> 白襪 | X11: {=_xlfn.LET(_xlpm.s,SUBSTITUTE(Y11,".",""),_xlpm.c,RIGHT(_xlpm.s,1),_xlpm.n,ROW(INDIRECT("1:"&LEN(_xlpm.s))),_xlpm.cnt,MAX(IF(RIGHT(_xlpm.s,_xlpm.n)=REPT(_xlpm.c,_xlpm.n),_xlpm.n,0)),IF(_xlpm.cnt>=2,_xlpm.cnt&"連"&_xlpm.c,"1"&_xlpm.c))} -> 2連X | Y11: {=INDEX(各隊正負!$F:$F, MATCH("*"&$W11&"*", 各隊正負!$A:$A, 0)+6)} -> X.X.O.O.O.O.O.O.X.X | AB11: {=INDEX(各隊正負!$F:$F, MATCH("*"&$W11&"*", 各隊正負!$A:$A, 0)+4)} -> L.L.W.L.W.W.W.W.L.L | AE11: {=_xlfn.LET(_xlpm.s,SUBSTITUTE(AB11,".",""),_xlpm.c,RIGHT(_xlpm.s,1),_xlpm.n,ROW(INDIRECT("1:"&LEN(_xlpm.s))),_xlpm.cnt,MAX(IF(RIGHT(_xlpm.s,_xlpm.n)=REPT(_xlpm.c,_xlpm.n),_xlpm.n,0)),_xlpm.suffix,IF(_xlpm.c="W","勝","敗"),IF(_xlpm.cnt>=2,_xlpm.cnt&"連"&_xlpm.suffix,"1"&_xlpm.suffix))} -> 2連敗 | AF11: =I7 -> 白襪 | AG11: {=IFERROR(INDEX(各隊total!$B:$AB, MATCH($AF11, 各隊total!$A:$A, 0), COLUMN(A10)), "")} -> 28 | AH11: =CB21 -> 3.65 | AI11: =VLOOKUP(AH11*1, BV$15:BX$25, 3, TRUE) -> B- | AJ11: =CC21 -> 4 | AK11: =VLOOKUP(AJ11*1, BY$15:CA$25, 3, TRUE) -> B- | AL11: {=IFERROR(INDEX(各隊total!$C:$AB, MATCH($AF11, 各隊total!$A:$A, 0), COLUMN(A10)), "")} -> 924 | AM11: {=IFERROR(INDEX(各隊total!$D:$AB, MATCH($AF11, 各隊total!$A:$A, 0), COLUMN(A10)), "")} -> 113 | AN11: {=IFERROR(INDEX(各隊total!$E:$AB, MATCH($AF11, 各隊total!$A:$A, 0), COLUMN(A10)), "")} -> 205 | AO11: {=IFERROR(INDEX(各隊total!$F:$AB, MATCH($AF11, 各隊total!$A:$A, 0), COLUMN(A10)), "")} -> 31 | AP11: {=IFERROR(INDEX(各隊total!$G:$AB, MATCH($AF11, 各隊total!$A:$A, 0), COLUMN(A10)), "")} -> 5 | AQ11: {=IFERROR(INDEX(各隊total!$H:$AB, MATCH($AF11, 各隊total!$A:$A, 0), COLUMN(A10)), "")} -> 33 | AR11: {=IFERROR(INDEX(各隊total!$I:$AB, MATCH($AF11, 各隊total!$A:$A, 0), COLUMN(A10)), "")} -> 103 | AS11: {=IFERROR(INDEX(各隊total!$J:$AB, MATCH($AF11, 各隊total!$A:$A, 0), COLUMN(A10)), "")} -> 345 | AT11: {=IFERROR(INDEX(各隊total!$K:$AB, MATCH($AF11, 各隊total!$A:$A, 0), COLUMN(A10)), "")} -> 111 | AU11: {=IFERROR(INDEX(各隊total!$L:$AB, MATCH($AF11, 各隊total!$A:$A, 0), COLUMN(A10)), "")} -> 264 | AV11: {=IFERROR(INDEX(各隊total!$M:$AB, MATCH($AF11, 各隊total!$A:$A, 0), COLUMN(A10)), "")} -> 23 | AW11: {=IFERROR(INDEX(各隊total!$N:$AB, MATCH($AF11, 各隊total!$A:$A, 0), COLUMN(A10)), "")} -> .222 | AX11: {=IFERROR(INDEX(各隊total!$O:$AB, MATCH($AF11, 各隊total!$A:$A, 0), COLUMN(A10)), "")} -> .315 | AY11: {=IFERROR(INDEX(各隊total!$P:$AB, MATCH($AF11, 各隊total!$A:$A, 0), COLUMN(A10)), "")} -> .373 | AZ11: {=IFERROR(INDEX(各隊total!$Q:$AB, MATCH($AF11, 各隊total!$A:$A, 0), COLUMN(A10)), "")} -> .689 | BA11: {=IFERROR(INDEX(各隊total!$R:$AB, MATCH($AF11, 各隊total!$A:$A, 0), COLUMN(A10)), "")} -> 0 | BB11: {=IFERROR(INDEX(各隊total!$S:$AB, MATCH($AF11, 各隊total!$A:$A, 0), COLUMN(A10)), "")} -> 114.2 | BC11: {=IFERROR(INDEX(各隊total!$T:$AB, MATCH($AF11, 各隊total!$A:$A, 0), COLUMN(A10)), "")} -> 4.0 | BD11: {=IFERROR(INDEX(各隊total!$U:$AB, MATCH($AF11, 各隊total!$A:$A, 0), COLUMN(A10)), "")} -> .103 | BE11: {=IFERROR(INDEX(各隊total!$V:$AB, MATCH($AF11, 各隊total!$A:$A, 0), COLUMN(A10)), "")} -> 0.42 | BF11: {=IFERROR(INDEX(各隊total!$W:$AB, MATCH($AF11, 各隊total!$A:$A, 0), COLUMN(A10)), "")} -> .152 | BG11: {=IFERROR(INDEX(各隊total!$X:$AB, MATCH($AF11, 各隊total!$A:$A, 0), COLUMN(A10)), "")} -> .289 | BH11: {=IFERROR(INDEX(各隊total!$Y:$AB, MATCH($AF11, 各隊total!$A:$A, 0), COLUMN(A10)), "")} -> 3.85 | BI11: {=IFERROR(INDEX(各隊total!$Z:$AB, MATCH($AF11, 各隊total!$A:$A, 0), COLUMN(A10)), "")} -> 69 | BJ11: {=IFERROR(INDEX(各隊total!$AA:$AB, MATCH($AF11, 各隊total!$A:$A, 0), COLUMN(A10)), "")} -> 1073 | BK11: {=IFERROR(INDEX(各隊total!$AB:$AB, MATCH($AF11, 各隊total!$A:$A, 0), COLUMN(A10)), "")} -> 28.0 | BL11: {=IFERROR(INDEX(各隊total!$C:$AB, MATCH($AF11, 各隊total!$A:$A, 0), COLUMN(AA10)), "")} | BM11: 0.301 | BN11: 0.31 | BO11: 9 | BP11: 0.376 | BQ11: 0.395 | BR11: 9 | BS11: 0.551 | BT11: 0.6 | BU11: 9 | BV11: 6.1 | BW11: 6.5 | BX11: 9 | BY11: 5.9 | BZ11: 6.3 | CA11: 9 | CB11: =CF11+CJ11+CK11+CM11+CO11+CP11+CQ11+CR11 -> 3.1 | CC11: =CU11+CV11+CY11+CZ11+DA11 -> 2.7 | CF11: =VLOOKUP(ROUND(CF10/CD10, 2), $BV$2:$BX$12, 3, TRUE)*BX$1 -> 0.45 | CJ11: =VLOOKUP(ROUND(CJ10/CD10, 2), $BM$15:$BO$25, 3, TRUE)*BO$14 -> 0.1 | CK11: =VLOOKUP(ROUND(CK10/CD10, 2), $BY$2:$CA$12, 3, TRUE)*CA$1 -> 0.3 | CM11: =VLOOKUP(ROUND(CM10/CN10, 2), $BP$15:$BR$25, 3, TRUE)*BR$14 -> 0.4 | CO11: =VLOOKUP(ROUND(CO10/CD10, 2), $BS$15:$BU$25, 3, TRUE)*BU$14 -> 0.25 | CP11: =VLOOKUP(CP10*1, BM$2:BO$12, 3, TRUE)*BO$1 -> 0.4 | CQ11: =VLOOKUP(CQ10*1, BP$2:BR$12, 3, TRUE)*BR$1 -> 0.8 | CR11: =VLOOKUP(CR10*1, BS$2:BU$12, 3, TRUE)*BU$1 -> 0.4 | CU11: =VLOOKUP(CU10*1, BM$28:BO$38, 3, TRUE)*BO$27 -> 0.7 | CV11: =VLOOKUP(CV10*1, BP$28:BR$38, 3, TRUE)*BR$27 -> 0.7 | CY11: =VLOOKUP(CY10*1, BS$28:BU$38, 3, TRUE)*BU$27 -> 0.4 | CZ11: =VLOOKUP(CZ10*1, BV$28:BX$38, 3, TRUE)*BX$27 -> 0.3 | DA11: =VLOOKUP(DA10*1, BY$28:CA$38, 3, TRUE)*CA$27 -> 0.6 | DH11: =DJ11+DL11+DM11+DN11+DO11-DP11-DQ11+DR11 -> 2.8 | DI11: =DU11+DX11+EA11+ED11+EE11+EF11 -> 5 | DJ11: =VLOOKUP(DJ10*1, FK$2:FM$12, 3, TRUE)*FM$1 -> 1 | DL11: =VLOOKUP(DL10*1, FN$2:FP$12, 3, TRUE)*FP$1 -> 0.6 | DM11: =VLOOKUP(DM10*1, FQ$2:FS$12, 3, TRUE)*FS$1 -> 0 | DN11: =VLOOKUP(DN10*1, FT$2:FV$12, 3, TRUE)*FV$1 -> 0.8 | DO11: =VLOOKUP(DO10*1, FW$2:FY$12, 3, TRUE)*FY$1 -> 0.5 | DP11: =VLOOKUP(DP10*1, FK$14:FM$25, 3, TRUE)*FM$14 -> 1 | DQ11: =VLOOKUP(DQ10*1, FN$14:FP$25, 3, TRUE)*FP$14 -> 0.6 | DR11: =VLOOKUP(DR10*1, FQ$14:FS$25, 3, TRUE)*FS$14 -> 1.5 | DU11: =VLOOKUP(DU10*1, FK$27:FM$38, 3, TRUE)*FM$27 -> 0 | DX11: =VLOOKUP(DX10*1, FN$27:FP$38, 3, TRUE)*FP$27 -> 0 | EA11: =VLOOKUP(EA10*1, FQ$27:FS$38, 3, TRUE)*FS$27 -> 0 | ED11: =VLOOKUP(ED10*1, FT$27:FV$38, 3, TRUE)*FV$27 -> 0 | EE11: =VLOOKUP(EE10*1, FW$27:FY$38, 3, TRUE)*FY$27 -> 1.5 | EF11: =VLOOKUP(EF10*1, FK$40:FM$51, 3, TRUE)*FM$40 -> 3.5 | EK11: =EM11+EO11+EP11+EQ11+ER11-ES11-ET11+EU11 -> 2 | EL11: =EX11+FA11+FD11+FG11+FH11+FI11 -> #N/A | EM11: =VLOOKUP(EM10*1, $FK$2:$FM$12, 3, TRUE)*$FM$1 -> 1 | EO11: =VLOOKUP(EO10*1, $FN$2:$FP$12, 3, TRUE)*$FP$1 -> 0.6 | EP11: =VLOOKUP(EP10*1, $FQ$2:$FS$12, 3, TRUE)*$FS$1 -> 0 | EQ11: =VLOOKUP(EQ10*1, $FT$2:$FV$12, 3, TRUE)*$FV$1 -> 0.4 | ER11: =VLOOKUP(ER10*1, $FW$2:$FY$12, 3, TRUE)*$FY$1 -> 0.5 | ES11: =VLOOKUP(ES10*1, $FK$14:$FM$25, 3, TRUE)*$FM$14 -> 1 | ET11: =VLOOKUP(ET10*1, $FN$14:$FP$25, 3, TRUE)*$FP$14 -> 1 | EU11: =VLOOKUP(EU10*1, $FQ$14:$FS$25, 3, TRUE)*$FS$14 -> 1.5 | EX11: =VLOOKUP(EX10*1, $FK$27:$FM$38, 3, TRUE)*$FM$27 -> 0 | FA11: =VLOOKUP(FA10*1, $FN$27:$FP$38, 3, TRUE)*$FP$27 -> #N/A | FD11: =VLOOKUP(FD10*1, $FQ$27:$FS$38, 3, TRUE)*$FS$27 -> 0 | FG11: =VLOOKUP(FG10*1, $FT$27:$FV$38, 3, TRUE)*$FV$27 -> 0 | FH11: =VLOOKUP(FH10*1, $FW$27:$FY$38, 3, TRUE)*$FY$27 -> 1.5 | FI11: =VLOOKUP(FI10*1, $FK$40:$FM$51, 3, TRUE)*$FM$40 -> 3.5 | FK11: 24.1 | FL11: 28 | FM11: 9 | FN11: 11.1 | FO11: 13 | FP11: 9 | FQ11: 9.6 | FR11: 11 | FS11: 9 | FT11: 2.01 | FU11: 2.4 | FV11: 9 | FW11: 2.21 | FX11: 2.8 | FY11: 9
A12: 10 | B12: #N/A | C12: #N/A | D12: #N/A | E12: #N/A | F12: #N/A | G12: #N/A | H12: #N/A | I12: #N/A | J12: #N/A | K12: #N/A | L12: {=IFERROR(SUBSTITUTE(INDEX(正負盤!$6:$20, ROW(A9), MATCH(1, (MONTH(正負盤!$4:$4)=MONTH(DATE(LEFT($A$1,4),MID($A$1,5,2),RIGHT($A$1,2))-10))*(DAY(正負盤!$4:$4)=DAY(DATE(LEFT($A$1,4),MID($A$1,5,2),RIGHT($A$1,2))-10)), 0)), 0, "-"), "")} -> X | M12: {=IFERROR(SUBSTITUTE(INDEX(正負盤!$6:$20, ROW(A9), MATCH(1, (MONTH(正負盤!$4:$4)=MONTH(DATE(LEFT($A$1,4),MID($A$1,5,2),RIGHT($A$1,2))-9))*(DAY(正負盤!$4:$4)=DAY(DATE(LEFT($A$1,4),MID($A$1,5,2),RIGHT($A$1,2))-9)), 0)), 0, "-"), "")} -> O | N12: {=IFERROR(SUBSTITUTE(INDEX(正負盤!$6:$20, ROW(A9), MATCH(1, (MONTH(正負盤!$4:$4)=MONTH(DATE(LEFT($A$1,4),MID($A$1,5,2),RIGHT($A$1,2))-8))*(DAY(正負盤!$4:$4)=DAY(DATE(LEFT($A$1,4),MID($A$1,5,2),RIGHT($A$1,2))-8)), 0)), 0, "-"), "")} -> O | O12: {=IFERROR(SUBSTITUTE(INDEX(正負盤!$6:$20, ROW(A9), MATCH(1, (MONTH(正負盤!$4:$4)=MONTH(DATE(LEFT($A$1,4),MID($A$1,5,2),RIGHT($A$1,2))-7))*(DAY(正負盤!$4:$4)=DAY(DATE(LEFT($A$1,4),MID($A$1,5,2),RIGHT($A$1,2))-7)), 0)), 0, "-"), "")} -> X | P12: {=IFERROR(SUBSTITUTE(INDEX(正負盤!$6:$20, ROW(A9), MATCH(1, (MONTH(正負盤!$4:$4)=MONTH(DATE(LEFT($A$1,4),MID($A$1,5,2),RIGHT($A$1,2))-6))*(DAY(正負盤!$4:$4)=DAY(DATE(LEFT($A$1,4),MID($A$1,5,2),RIGHT($A$1,2))-6)), 0)), 0, "-"), "")} -> O | Q12: {=IFERROR(SUBSTITUTE(INDEX(正負盤!$6:$20, ROW(A9), MATCH(1, (MONTH(正負盤!$4:$4)=MONTH(DATE(LEFT($A$1,4),MID($A$1,5,2),RIGHT($A$1,2))-5))*(DAY(正負盤!$4:$4)=DAY(DATE(LEFT($A$1,4),MID($A$1,5,2),RIGHT($A$1,2))-5)), 0)), 0, "-"), "")} | R12: {=IFERROR(SUBSTITUTE(INDEX(正負盤!$6:$20, ROW(A9), MATCH(1, (MONTH(正負盤!$4:$4)=MONTH(DATE(LEFT($A$1,4),MID($A$1,5,2),RIGHT($A$1,2))-4))*(DAY(正負盤!$4:$4)=DAY(DATE(LEFT($A$1,4),MID($A$1,5,2),RIGHT($A$1,2))-4)), 0)), 0, "-"), "")} -> O | S12: {=IFERROR(SUBSTITUTE(INDEX(正負盤!$6:$20, ROW(A9), MATCH(1, (MONTH(正負盤!$4:$4)=MONTH(DATE(LEFT($A$1,4),MID($A$1,5,2),RIGHT($A$1,2))-3))*(DAY(正負盤!$4:$4)=DAY(DATE(LEFT($A$1,4),MID($A$1,5,2),RIGHT($A$1,2))-3)), 0)), 0, "-"), "")} -> O | T12: {=IFERROR(SUBSTITUTE(INDEX(正負盤!$6:$20, ROW(A9), MATCH(1, (MONTH(正負盤!$4:$4)=MONTH(DATE(LEFT($A$1,4),MID($A$1,5,2),RIGHT($A$1,2))-2))*(DAY(正負盤!$4:$4)=DAY(DATE(LEFT($A$1,4),MID($A$1,5,2),RIGHT($A$1,2))-2)), 0)), 0, "-"), "")} -> O | U12: {=IFERROR(SUBSTITUTE(INDEX(正負盤!$6:$20, ROW(A9), MATCH(1, (MONTH(正負盤!$4:$4)=MONTH(DATE(LEFT($A$1,4),MID($A$1,5,2),RIGHT($A$1,2))-1))*(DAY(正負盤!$4:$4)=DAY(DATE(LEFT($A$1,4),MID($A$1,5,2),RIGHT($A$1,2))-1)), 0)), 0, "-"), "")} -> O | V12: =C8 -> 08:05 | W12: =E8 -> 洋基 | X12: {=_xlfn.LET(_xlpm.s,SUBSTITUTE(Y12,".",""),_xlpm.c,RIGHT(_xlpm.s,1),_xlpm.n,ROW(INDIRECT("1:"&LEN(_xlpm.s))),_xlpm.cnt,MAX(IF(RIGHT(_xlpm.s,_xlpm.n)=REPT(_xlpm.c,_xlpm.n),_xlpm.n,0)),IF(_xlpm.cnt>=2,_xlpm.cnt&"連"&_xlpm.c,"1"&_xlpm.c))} -> 1X | Y12: {=INDEX(各隊正負!$F:$F, MATCH("*"&$W12&"*", 各隊正負!$A:$A, 0)+6)} -> X.X.O.O.O.O.O.O.O.X | AB12: {=INDEX(各隊正負!$F:$F, MATCH("*"&$W12&"*", 各隊正負!$A:$A, 0)+4)} -> W.L.W.W.W.W.W.W.W.L | AE12: {=_xlfn.LET(_xlpm.s,SUBSTITUTE(AB12,".",""),_xlpm.c,RIGHT(_xlpm.s,1),_xlpm.n,ROW(INDIRECT("1:"&LEN(_xlpm.s))),_xlpm.cnt,MAX(IF(RIGHT(_xlpm.s,_xlpm.n)=REPT(_xlpm.c,_xlpm.n),_xlpm.n,0)),_xlpm.suffix,IF(_xlpm.c="W","勝","敗"),IF(_xlpm.cnt>=2,_xlpm.cnt&"連"&_xlpm.suffix,"1"&_xlpm.suffix))} -> 1敗 | AF12: =E8 -> 洋基 | AG12: {=IFERROR(INDEX(各隊total!$B:$AB, MATCH($AF12, 各隊total!$A:$A, 0), COLUMN(A11)), "")} -> 28 | AH12: =CB23 -> 5.8 | AI12: =VLOOKUP(AH12*1, BV$15:BX$25, 3, TRUE) -> A | AJ12: =CC23 -> 7.25 | AK12: =VLOOKUP(AJ12*1, BY$15:CA$25, 3, TRUE) -> S+ | AL12: {=IFERROR(INDEX(各隊total!$C:$AB, MATCH($AF12, 各隊total!$A:$A, 0), COLUMN(A11)), "")} -> 916 | AM12: {=IFERROR(INDEX(各隊total!$D:$AB, MATCH($AF12, 各隊total!$A:$A, 0), COLUMN(A11)), "")} -> 146 | AN12: {=IFERROR(INDEX(各隊total!$E:$AB, MATCH($AF12, 各隊total!$A:$A, 0), COLUMN(A11)), "")} -> 213 | AO12: {=IFERROR(INDEX(各隊total!$F:$AB, MATCH($AF12, 各隊total!$A:$A, 0), COLUMN(A11)), "")} -> 43 | AP12: {=IFERROR(INDEX(各隊total!$G:$AB, MATCH($AF12, 各隊total!$A:$A, 0), COLUMN(A11)), "")} -> 4 | AQ12: {=IFERROR(INDEX(各隊total!$H:$AB, MATCH($AF12, 各隊total!$A:$A, 0), COLUMN(A11)), "")} -> 43 | AR12: {=IFERROR(INDEX(各隊total!$I:$AB, MATCH($AF12, 各隊total!$A:$A, 0), COLUMN(A11)), "")} -> 138 | AS12: {=IFERROR(INDEX(各隊total!$J:$AB, MATCH($AF12, 各隊total!$A:$A, 0), COLUMN(A11)), "")} -> 393 | AT12: {=IFERROR(INDEX(各隊total!$K:$AB, MATCH($AF12, 各隊total!$A:$A, 0), COLUMN(A11)), "")} -> 134 | AU12: {=IFERROR(INDEX(各隊total!$L:$AB, MATCH($AF12, 各隊total!$A:$A, 0), COLUMN(A11)), "")} -> 259 | AV12: {=IFERROR(INDEX(各隊total!$M:$AB, MATCH($AF12, 各隊total!$A:$A, 0), COLUMN(A11)), "")} -> 31 | AW12: {=IFERROR(INDEX(各隊total!$N:$AB, MATCH($AF12, 各隊total!$A:$A, 0), COLUMN(A11)), "")} -> .233 | AX12: {=IFERROR(INDEX(各隊total!$O:$AB, MATCH($AF12, 各隊total!$A:$A, 0), COLUMN(A11)), "")} -> .331 | AY12: {=IFERROR(INDEX(各隊total!$P:$AB, MATCH($AF12, 各隊total!$A:$A, 0), COLUMN(A11)), "")} -> .429 | AZ12: {=IFERROR(INDEX(各隊total!$Q:$AB, MATCH($AF12, 各隊total!$A:$A, 0), COLUMN(A11)), "")} -> .760 | BA12: {=IFERROR(INDEX(各隊total!$R:$AB, MATCH($AF12, 各隊total!$A:$A, 0), COLUMN(A11)), "")} -> 0 | BB12: {=IFERROR(INDEX(各隊total!$S:$AB, MATCH($AF12, 各隊total!$A:$A, 0), COLUMN(A11)), "")} -> 136.7 | BC12: {=IFERROR(INDEX(各隊total!$T:$AB, MATCH($AF12, 各隊total!$A:$A, 0), COLUMN(A11)), "")} -> 5.0 | BD12: {=IFERROR(INDEX(各隊total!$U:$AB, MATCH($AF12, 各隊total!$A:$A, 0), COLUMN(A11)), "")} -> .126 | BE12: {=IFERROR(INDEX(各隊total!$V:$AB, MATCH($AF12, 各隊total!$A:$A, 0), COLUMN(A11)), "")} -> 0.52 | BF12: {=IFERROR(INDEX(各隊total!$W:$AB, MATCH($AF12, 各隊total!$A:$A, 0), COLUMN(A11)), "")} -> .197 | BG12: {=IFERROR(INDEX(各隊total!$X:$AB, MATCH($AF12, 各隊total!$A:$A, 0), COLUMN(A11)), "")} -> .369 | BH12: {=IFERROR(INDEX(各隊total!$Y:$AB, MATCH($AF12, 各隊total!$A:$A, 0), COLUMN(A11)), "")} -> 4.02 | BI12: {=IFERROR(INDEX(各隊total!$Z:$AB, MATCH($AF12, 各隊total!$A:$A, 0), COLUMN(A11)), "")} -> 90 | BJ12: {=IFERROR(INDEX(各隊total!$AA:$AB, MATCH($AF12, 各隊total!$A:$A, 0), COLUMN(A11)), "")} -> 1066 | BK12: {=IFERROR(INDEX(各隊total!$AB:$AB, MATCH($AF12, 各隊total!$A:$A, 0), COLUMN(A11)), "")} -> 21.3 | BL12: {=IFERROR(INDEX(各隊total!$C:$AB, MATCH($AF12, 各隊total!$A:$A, 0), COLUMN(AA11)), "")} | BM12: 0.311 | BN12: 0.5 | BO12: 10 | BP12: 0.396 | BQ12: 0.6 | BR12: 10 | BS12: 0.601 | BT12: 0.9 | BU12: 10 | BV12: 6.6 | BW12: 12 | BX12: 10 | BY12: 6.4 | BZ12: 12 | CA12: 10 | CB12: =AF7 -> 藍鳥 | CD12: =AG7 -> 27 | CE12: =AL7 -> 919 | CF12: =AM7 -> 110 | CG12: =AN7 -> 234 | CH12: =AO7 -> 50 | CI12: =AP7 -> 1 | CJ12: =AQ7 -> 23 | CK12: =AR7 -> 108 | CL12: =AS7 -> 355 | ... DD12: =BK7 -> 40.0 | DF12: =先發名單!L$2 -> B. Williamson | DG12: {=IFERROR(INDEX(球員狀態!$C$2:$C$5000, MATCH(1, (球員狀態!$A$2:$A$5000=$DF$1)*(ISNUMBER(SEARCH($DF12, 球員狀態!$B$2:$B$5000))), 0)), "")} | DJ12: {=IFERROR(INDEX(球員狀態!$F$2:$F$5000, MATCH(1, (球員狀態!$A$2:$A$5000=$DF$1)*(ISNUMBER(SEARCH($DF12, 球員狀態!$B$2:$B$5000))), 0)), "")} | DK12: {=IFERROR(INDEX(球員狀態!$G$2:$G$5000, MATCH(1, (球員狀態!$A$2:$A$5000=$DF$1)*(ISNUMBER(SEARCH($DF12, 球員狀態!$B$2:$B$5000))), 0)), "")} | DL12: {=IFERROR(INDEX(球員狀態!H$2:H$5000, MATCH(1, (球員狀態!$A$2:$A$5000=$DF$1)*(ISNUMBER(SEARCH($DF12, 球員狀態!$B$2:$B$5000))), 0)), "")} | DM12: {=IFERROR(INDEX(球員狀態!I$2:I$5000, MATCH(1, (球員狀態!$A$2:$A$5000=$DF$1)*(ISNUMBER(SEARCH($DF12, 球員狀態!$B$2:$B$5000))), 0)), "")} | DN12: {=IFERROR(INDEX(球員狀態!J$2:J$5000, MATCH(1, (球員狀態!$A$2:$A$5000=$DF$1)*(ISNUMBER(SEARCH($DF12, 球員狀態!$B$2:$B$5000))), 0)), "")} | DO12: {=IFERROR(INDEX(球員狀態!K$2:K$5000, MATCH(1, (球員狀態!$A$2:$A$5000=$DF$1)*(ISNUMBER(SEARCH($DF12, 球員狀態!$B$2:$B$5000))), 0)), "")} | DP12: {=IFERROR(INDEX(球員狀態!L$2:L$5000, MATCH(1, (球員狀態!$A$2:$A$5000=$DF$1)*(ISNUMBER(SEARCH($DF12, 球員狀態!$B$2:$B$5000))), 0)), "")} | DQ12: {=IFERROR(INDEX(球員狀態!M$2:M$5000, MATCH(1, (球員狀態!$A$2:$A$5000=$DF$1)*(ISNUMBER(SEARCH($DF12, 球員狀態!$B$2:$B$5000))), 0)), "")} | DR12: {=IFERROR(INDEX(球員狀態!N$2:N$5000, MATCH(1, (球員狀態!$A$2:$A$5000=$DF$1)*(ISNUMBER(SEARCH($DF12, 球員狀態!$B$2:$B$5000))), 0)), "")} | DS12: {=IFERROR(INDEX(球員狀態!O$2:O$5000, MATCH(1, (球員狀態!$A$2:$A$5000=$DF$1)*(ISNUMBER(SEARCH($DF12, 球員狀態!$B$2:$B$5000))), 0)), "")} | ... EF12: {=IFERROR(INDEX(球員狀態!AB$2:AB$5000, MATCH(1, (球員狀態!$A$2:$A$5000=$DF$1)*(ISNUMBER(SEARCH($DF12, 球員狀態!$B$2:$B$5000))), 0)), "")} | EI12: =先發名單!T$2 -> David Fry | EJ12: {=IFERROR(INDEX(球員狀態!$C$2:$C$5000, MATCH(1, (球員狀態!$A$2:$A$5000=$EI$1)*(ISNUMBER(SEARCH($EI12, 球員狀態!$B$2:$B$5000))), 0)), "")} -> 1B | EM12: {=IFERROR(INDEX(球員狀態!F$2:F$5000, MATCH(1, (球員狀態!$A$2:$A$5000=$EI$1)*(ISNUMBER(SEARCH($EI12, 球員狀態!$B$2:$B$5000))), 0)), "")} -> 6 | EN12: {=IFERROR(INDEX(球員狀態!G$2:G$5000, MATCH(1, (球員狀態!$A$2:$A$5000=$EI$1)*(ISNUMBER(SEARCH($EI12, 球員狀態!$B$2:$B$5000))), 0)), "")} -> 8 | EO12: {=IFERROR(INDEX(球員狀態!H$2:H$5000, MATCH(1, (球員狀態!$A$2:$A$5000=$EI$1)*(ISNUMBER(SEARCH($EI12, 球員狀態!$B$2:$B$5000))), 0)), "")} -> 1 | EP12: {=IFERROR(INDEX(球員狀態!I$2:I$5000, MATCH(1, (球員狀態!$A$2:$A$5000=$EI$1)*(ISNUMBER(SEARCH($EI12, 球員狀態!$B$2:$B$5000))), 0)), "")} -> 0 | EQ12: {=IFERROR(INDEX(球員狀態!J$2:J$5000, MATCH(1, (球員狀態!$A$2:$A$5000=$EI$1)*(ISNUMBER(SEARCH($EI12, 球員狀態!$B$2:$B$5000))), 0)), "")} -> 1 | ER12: {=IFERROR(INDEX(球員狀態!K$2:K$5000, MATCH(1, (球員狀態!$A$2:$A$5000=$EI$1)*(ISNUMBER(SEARCH($EI12, 球員狀態!$B$2:$B$5000))), 0)), "")} -> 1 | ES12: {=IFERROR(INDEX(球員狀態!L$2:L$5000, MATCH(1, (球員狀態!$A$2:$A$5000=$EI$1)*(ISNUMBER(SEARCH($EI12, 球員狀態!$B$2:$B$5000))), 0)), "")} -> 12 | ET12: {=IFERROR(INDEX(球員狀態!M$2:M$5000, MATCH(1, (球員狀態!$A$2:$A$5000=$EI$1)*(ISNUMBER(SEARCH($EI12, 球員狀態!$B$2:$B$5000))), 0)), "")} -> 7 | ... FI12: {=IFERROR(INDEX(球員狀態!AB$2:AB$5000, MATCH(1, (球員狀態!$A$2:$A$5000=$EI$1)*(ISNUMBER(SEARCH($EI12, 球員狀態!$B$2:$B$5000))), 0)), "")} -> 2 | FK12: 28.1 | FL12: 200 | FM12: 10 | FN12: 13.1 | FO12: 200 | FP12: 10 | FQ12: 11.1 | FR12: 200 | FS12: 10 | FT12: 2.41 | FU12: 200 | FV12: 10 | FW12: 2.81 | FX12: 200 | FY12: 10
A13: 11 | B13: #N/A | C13: #N/A | D13: #N/A | E13: #N/A | F13: #N/A | G13: #N/A | H13: #N/A | I13: #N/A | J13: #N/A | K13: #N/A | L13: {=IFERROR(SUBSTITUTE(INDEX(正負盤!$6:$20, ROW(A10), MATCH(1, (MONTH(正負盤!$4:$4)=MONTH(DATE(LEFT($A$1,4),MID($A$1,5,2),RIGHT($A$1,2))-10))*(DAY(正負盤!$4:$4)=DAY(DATE(LEFT($A$1,4),MID($A$1,5,2),RIGHT($A$1,2))-10)), 0)), 0, "-"), "")} -> X | M13: {=IFERROR(SUBSTITUTE(INDEX(正負盤!$6:$20, ROW(A10), MATCH(1, (MONTH(正負盤!$4:$4)=MONTH(DATE(LEFT($A$1,4),MID($A$1,5,2),RIGHT($A$1,2))-9))*(DAY(正負盤!$4:$4)=DAY(DATE(LEFT($A$1,4),MID($A$1,5,2),RIGHT($A$1,2))-9)), 0)), 0, "-"), "")} -> X | N13: {=IFERROR(SUBSTITUTE(INDEX(正負盤!$6:$20, ROW(A10), MATCH(1, (MONTH(正負盤!$4:$4)=MONTH(DATE(LEFT($A$1,4),MID($A$1,5,2),RIGHT($A$1,2))-8))*(DAY(正負盤!$4:$4)=DAY(DATE(LEFT($A$1,4),MID($A$1,5,2),RIGHT($A$1,2))-8)), 0)), 0, "-"), "")} -> X | O13: {=IFERROR(SUBSTITUTE(INDEX(正負盤!$6:$20, ROW(A10), MATCH(1, (MONTH(正負盤!$4:$4)=MONTH(DATE(LEFT($A$1,4),MID($A$1,5,2),RIGHT($A$1,2))-7))*(DAY(正負盤!$4:$4)=DAY(DATE(LEFT($A$1,4),MID($A$1,5,2),RIGHT($A$1,2))-7)), 0)), 0, "-"), "")} -> O | P13: {=IFERROR(SUBSTITUTE(INDEX(正負盤!$6:$20, ROW(A10), MATCH(1, (MONTH(正負盤!$4:$4)=MONTH(DATE(LEFT($A$1,4),MID($A$1,5,2),RIGHT($A$1,2))-6))*(DAY(正負盤!$4:$4)=DAY(DATE(LEFT($A$1,4),MID($A$1,5,2),RIGHT($A$1,2))-6)), 0)), 0, "-"), "")} -> X | Q13: {=IFERROR(SUBSTITUTE(INDEX(正負盤!$6:$20, ROW(A10), MATCH(1, (MONTH(正負盤!$4:$4)=MONTH(DATE(LEFT($A$1,4),MID($A$1,5,2),RIGHT($A$1,2))-5))*(DAY(正負盤!$4:$4)=DAY(DATE(LEFT($A$1,4),MID($A$1,5,2),RIGHT($A$1,2))-5)), 0)), 0, "-"), "")} | R13: {=IFERROR(SUBSTITUTE(INDEX(正負盤!$6:$20, ROW(A10), MATCH(1, (MONTH(正負盤!$4:$4)=MONTH(DATE(LEFT($A$1,4),MID($A$1,5,2),RIGHT($A$1,2))-4))*(DAY(正負盤!$4:$4)=DAY(DATE(LEFT($A$1,4),MID($A$1,5,2),RIGHT($A$1,2))-4)), 0)), 0, "-"), "")} | S13: {=IFERROR(SUBSTITUTE(INDEX(正負盤!$6:$20, ROW(A10), MATCH(1, (MONTH(正負盤!$4:$4)=MONTH(DATE(LEFT($A$1,4),MID($A$1,5,2),RIGHT($A$1,2))-3))*(DAY(正負盤!$4:$4)=DAY(DATE(LEFT($A$1,4),MID($A$1,5,2),RIGHT($A$1,2))-3)), 0)), 0, "-"), "")} -> X | T13: {=IFERROR(SUBSTITUTE(INDEX(正負盤!$6:$20, ROW(A10), MATCH(1, (MONTH(正負盤!$4:$4)=MONTH(DATE(LEFT($A$1,4),MID($A$1,5,2),RIGHT($A$1,2))-2))*(DAY(正負盤!$4:$4)=DAY(DATE(LEFT($A$1,4),MID($A$1,5,2),RIGHT($A$1,2))-2)), 0)), 0, "-"), "")} -> X | U13: {=IFERROR(SUBSTITUTE(INDEX(正負盤!$6:$20, ROW(A10), MATCH(1, (MONTH(正負盤!$4:$4)=MONTH(DATE(LEFT($A$1,4),MID($A$1,5,2),RIGHT($A$1,2))-1))*(DAY(正負盤!$4:$4)=DAY(DATE(LEFT($A$1,4),MID($A$1,5,2),RIGHT($A$1,2))-1)), 0)), 0, "-"), "")} -> X | W13: =I8 -> 遊騎兵 | X13: {=_xlfn.LET(_xlpm.s,SUBSTITUTE(Y13,".",""),_xlpm.c,RIGHT(_xlpm.s,1),_xlpm.n,ROW(INDIRECT("1:"&LEN(_xlpm.s))),_xlpm.cnt,MAX(IF(RIGHT(_xlpm.s,_xlpm.n)=REPT(_xlpm.c,_xlpm.n),_xlpm.n,0)),IF(_xlpm.cnt>=2,_xlpm.cnt&"連"&_xlpm.c,"1"&_xlpm.c))} -> 1X | Y13: {=INDEX(各隊正負!$F:$F, MATCH("*"&$W13&"*", 各隊正負!$A:$A, 0)+6)} -> X.O.O.X.X.O.O.X.O.X | AB13: {=INDEX(各隊正負!$F:$F, MATCH("*"&$W13&"*", 各隊正負!$A:$A, 0)+4)} -> L.W.W.L.L.W.W.L.W.L | AE13: {=_xlfn.LET(_xlpm.s,SUBSTITUTE(AB13,".",""),_xlpm.c,RIGHT(_xlpm.s,1),_xlpm.n,ROW(INDIRECT("1:"&LEN(_xlpm.s))),_xlpm.cnt,MAX(IF(RIGHT(_xlpm.s,_xlpm.n)=REPT(_xlpm.c,_xlpm.n),_xlpm.n,0)),_xlpm.suffix,IF(_xlpm.c="W","勝","敗"),IF(_xlpm.cnt>=2,_xlpm.cnt&"連"&_xlpm.suffix,"1"&_xlpm.suffix))} -> 1敗 | AF13: =I8 -> 遊騎兵 | AG13: {=IFERROR(INDEX(各隊total!$B:$AB, MATCH($AF13, 各隊total!$A:$A, 0), COLUMN(A12)), "")} -> 28 | AH13: =CB25 -> 3.45 | AI13: =VLOOKUP(AH13*1, BV$15:BX$25, 3, TRUE) -> C+ | AJ13: =CC25 -> 4.4 | AK13: =VLOOKUP(AJ13*1, BY$15:CA$25, 3, TRUE) -> B | AL13: {=IFERROR(INDEX(各隊total!$C:$AB, MATCH($AF13, 各隊total!$A:$A, 0), COLUMN(A12)), "")} -> 932 | AM13: {=IFERROR(INDEX(各隊total!$D:$AB, MATCH($AF13, 各隊total!$A:$A, 0), COLUMN(A12)), "")} -> 113 | AN13: {=IFERROR(INDEX(各隊total!$E:$AB, MATCH($AF13, 各隊total!$A:$A, 0), COLUMN(A12)), "")} -> 221 | AO13: {=IFERROR(INDEX(各隊total!$F:$AB, MATCH($AF13, 各隊total!$A:$A, 0), COLUMN(A12)), "")} -> 47 | AP13: {=IFERROR(INDEX(各隊total!$G:$AB, MATCH($AF13, 各隊total!$A:$A, 0), COLUMN(A12)), "")} -> 3 | AQ13: {=IFERROR(INDEX(各隊total!$H:$AB, MATCH($AF13, 各隊total!$A:$A, 0), COLUMN(A12)), "")} -> 28 | AR13: {=IFERROR(INDEX(各隊total!$I:$AB, MATCH($AF13, 各隊total!$A:$A, 0), COLUMN(A12)), "")} -> 107 | AS13: {=IFERROR(INDEX(各隊total!$J:$AB, MATCH($AF13, 各隊total!$A:$A, 0), COLUMN(A12)), "")} -> 358 | AT13: {=IFERROR(INDEX(各隊total!$K:$AB, MATCH($AF13, 各隊total!$A:$A, 0), COLUMN(A12)), "")} -> 100 | AU13: {=IFERROR(INDEX(各隊total!$L:$AB, MATCH($AF13, 各隊total!$A:$A, 0), COLUMN(A12)), "")} -> 258 | AV13: {=IFERROR(INDEX(各隊total!$M:$AB, MATCH($AF13, 各隊total!$A:$A, 0), COLUMN(A12)), "")} -> 17 | AW13: {=IFERROR(INDEX(各隊total!$N:$AB, MATCH($AF13, 各隊total!$A:$A, 0), COLUMN(A12)), "")} -> .237 | AX13: {=IFERROR(INDEX(各隊total!$O:$AB, MATCH($AF13, 各隊total!$A:$A, 0), COLUMN(A12)), "")} -> .314 | AY13: {=IFERROR(INDEX(各隊total!$P:$AB, MATCH($AF13, 各隊total!$A:$A, 0), COLUMN(A12)), "")} -> .384 | AZ13: {=IFERROR(INDEX(各隊total!$Q:$AB, MATCH($AF13, 各隊total!$A:$A, 0), COLUMN(A12)), "")} -> .698 | BA13: {=IFERROR(INDEX(各隊total!$R:$AB, MATCH($AF13, 各隊total!$A:$A, 0), COLUMN(A12)), "")} -> 0 | BB13: {=IFERROR(INDEX(各隊total!$S:$AB, MATCH($AF13, 各隊total!$A:$A, 0), COLUMN(A12)), "")} -> 115.0 | BC13: {=IFERROR(INDEX(各隊total!$T:$AB, MATCH($AF13, 各隊total!$A:$A, 0), COLUMN(A12)), "")} -> 4.2 | BD13: {=IFERROR(INDEX(各隊total!$U:$AB, MATCH($AF13, 各隊total!$A:$A, 0), COLUMN(A12)), "")} -> .095 | BE13: {=IFERROR(INDEX(各隊total!$V:$AB, MATCH($AF13, 各隊total!$A:$A, 0), COLUMN(A12)), "")} -> 0.39 | BF13: {=IFERROR(INDEX(各隊total!$W:$AB, MATCH($AF13, 各隊total!$A:$A, 0), COLUMN(A12)), "")} -> .147 | BG13: {=IFERROR(INDEX(各隊total!$X:$AB, MATCH($AF13, 各隊total!$A:$A, 0), COLUMN(A12)), "")} -> .269 | BH13: {=IFERROR(INDEX(各隊total!$Y:$AB, MATCH($AF13, 各隊total!$A:$A, 0), COLUMN(A12)), "")} -> 3.88 | BI13: {=IFERROR(INDEX(各隊total!$Z:$AB, MATCH($AF13, 各隊total!$A:$A, 0), COLUMN(A12)), "")} -> 78 | BJ13: {=IFERROR(INDEX(各隊total!$AA:$AB, MATCH($AF13, 各隊total!$A:$A, 0), COLUMN(A12)), "")} -> 1053 | BK13: {=IFERROR(INDEX(各隊total!$AB:$AB, MATCH($AF13, 各隊total!$A:$A, 0), COLUMN(A12)), "")} -> 33.3 | BL13: {=IFERROR(INDEX(各隊total!$C:$AB, MATCH($AF13, 各隊total!$A:$A, 0), COLUMN(AA12)), "")} | CB13: =CF13+CJ13+CK13+CM13+CO13+CP13+CQ13+CR13 -> 3.35 | CC13: =CU13+CV13+CY13+CZ13+DA13 -> 3.15 | CF13: =VLOOKUP(ROUND(CF12/CD12, 2), $BV$2:$BX$12, 3, TRUE)*BX$1 -> 0.45 | CJ13: =VLOOKUP(ROUND(CJ12/CD12, 2), $BM$15:$BO$25, 3, TRUE)*BO$14 -> 0.2 | CK13: =VLOOKUP(ROUND(CK12/CD12, 2), $BY$2:$CA$12, 3, TRUE)*CA$1 -> 0.3 | CM13: =VLOOKUP(ROUND(CM12/CN12, 2), $BP$15:$BR$25, 3, TRUE)*BR$14 -> 0.4 | CO13: =VLOOKUP(ROUND(CO12/CD12, 2), $BS$15:$BU$25, 3, TRUE)*BU$14 -> 0.1 | CP13: =VLOOKUP(CP12*1, BM$2:BO$12, 3, TRUE)*BO$1 -> 0.5 | CQ13: =VLOOKUP(CQ12*1, BP$2:BR$12, 3, TRUE)*BR$1 -> 0.8 | CR13: =VLOOKUP(CR12*1, BS$2:BU$12, 3, TRUE)*BU$1 -> 0.6 | CU13: =VLOOKUP(CU12*1, BM$28:BO$38, 3, TRUE)*BO$27 -> 0.8 | CV13: =VLOOKUP(CV12*1, BP$28:BR$38, 3, TRUE)*BR$27 -> 1.4 | CY13: =VLOOKUP(CY12*1, BS$28:BU$38, 3, TRUE)*BU$27 -> 0.6 | CZ13: =VLOOKUP(CZ12*1, BV$28:BX$38, 3, TRUE)*BX$27 -> 0.15 | DA13: =VLOOKUP(DA12*1, BY$28:CA$38, 3, TRUE)*CA$27 -> 0.2 | DH13: =DJ13+DL13+DM13+DN13+DO13-DP13-DQ13+DR13 -> #VALUE! | DI13: =DU13+DX13+EA13+ED13+EE13+EF13 -> #VALUE! | DJ13: =VLOOKUP(DJ12*1, FK$2:FM$12, 3, TRUE)*FM$1 -> #VALUE! | DL13: =VLOOKUP(DL12*1, FN$2:FP$12, 3, TRUE)*FP$1 -> #VALUE! | DM13: =VLOOKUP(DM12*1, FQ$2:FS$12, 3, TRUE)*FS$1 -> #VALUE! | DN13: =VLOOKUP(DN12*1, FT$2:FV$12, 3, TRUE)*FV$1 -> #VALUE! | DO13: =VLOOKUP(DO12*1, FW$2:FY$12, 3, TRUE)*FY$1 -> #VALUE! | DP13: =VLOOKUP(DP12*1, FK$14:FM$25, 3, TRUE)*FM$14 -> #VALUE! | DQ13: =VLOOKUP(DQ12*1, FN$14:FP$25, 3, TRUE)*FP$14 -> #VALUE! | DR13: =VLOOKUP(DR12*1, FQ$14:FS$25, 3, TRUE)*FS$14 -> #VALUE! | DU13: =VLOOKUP(DU12*1, FK$27:FM$38, 3, TRUE)*FM$27 -> #VALUE! | DX13: =VLOOKUP(DX12*1, FN$27:FP$38, 3, TRUE)*FP$27 -> #VALUE! | EA13: =VLOOKUP(EA12*1, FQ$27:FS$38, 3, TRUE)*FS$27 -> #VALUE! | ED13: =VLOOKUP(ED12*1, FT$27:FV$38, 3, TRUE)*FV$27 -> #VALUE! | EE13: =VLOOKUP(EE12*1, FW$27:FY$38, 3, TRUE)*FY$27 -> #VALUE! | EF13: =VLOOKUP(EF12*1, FK$40:FM$51, 3, TRUE)*FM$40 -> #VALUE! | EK13: =EM13+EO13+EP13+EQ13+ER13-ES13-ET13+EU13 -> 0.6 | EL13: =EX13+FA13+FD13+FG13+FH13+FI13 -> 5 | EM13: =VLOOKUP(EM12*1, $FK$2:$FM$12, 3, TRUE)*$FM$1 -> 0.5 | EO13: =VLOOKUP(EO12*1, $FN$2:$FP$12, 3, TRUE)*$FP$1 -> 0 | EP13: =VLOOKUP(EP12*1, $FQ$2:$FS$12, 3, TRUE)*$FS$1 -> 0 | EQ13: =VLOOKUP(EQ12*1, $FT$2:$FV$12, 3, TRUE)*$FV$1 -> 0.4 | ER13: =VLOOKUP(ER12*1, $FW$2:$FY$12, 3, TRUE)*$FY$1 -> 0.2 | ES13: =VLOOKUP(ES12*1, $FK$14:$FM$25, 3, TRUE)*$FM$14 -> 1 | ET13: =VLOOKUP(ET12*1, $FN$14:$FP$25, 3, TRUE)*$FP$14 -> 1 | EU13: =VLOOKUP(EU12*1, $FQ$14:$FS$25, 3, TRUE)*$FS$14 -> 1.5 | EX13: =VLOOKUP(EX12*1, $FK$27:$FM$38, 3, TRUE)*$FM$27 -> 0 | FA13: =VLOOKUP(FA12*1, $FN$27:$FP$38, 3, TRUE)*$FP$27 -> 0 | FD13: =VLOOKUP(FD12*1, $FQ$27:$FS$38, 3, TRUE)*$FS$27 -> 0 | FG13: =VLOOKUP(FG12*1, $FT$27:$FV$38, 3, TRUE)*$FV$27 -> 0 | FH13: =VLOOKUP(FH12*1, $FW$27:$FY$38, 3, TRUE)*$FY$27 -> 1.5 | FI13: =VLOOKUP(FI12*1, $FK$40:$FM$51, 3, TRUE)*$FM$40 -> 3.5
A14: 12 | B14: #N/A | C14: #N/A | D14: #N/A | E14: #N/A | F14: #N/A | G14: #N/A | H14: #N/A | I14: #N/A | J14: #N/A | K14: #N/A | L14: {=IFERROR(SUBSTITUTE(INDEX(正負盤!$6:$20, ROW(A11), MATCH(1, (MONTH(正負盤!$4:$4)=MONTH(DATE(LEFT($A$1,4),MID($A$1,5,2),RIGHT($A$1,2))-10))*(DAY(正負盤!$4:$4)=DAY(DATE(LEFT($A$1,4),MID($A$1,5,2),RIGHT($A$1,2))-10)), 0)), 0, "-"), "")} -> O | M14: {=IFERROR(SUBSTITUTE(INDEX(正負盤!$6:$20, ROW(A11), MATCH(1, (MONTH(正負盤!$4:$4)=MONTH(DATE(LEFT($A$1,4),MID($A$1,5,2),RIGHT($A$1,2))-9))*(DAY(正負盤!$4:$4)=DAY(DATE(LEFT($A$1,4),MID($A$1,5,2),RIGHT($A$1,2))-9)), 0)), 0, "-"), "")} -> X | N14: {=IFERROR(SUBSTITUTE(INDEX(正負盤!$6:$20, ROW(A11), MATCH(1, (MONTH(正負盤!$4:$4)=MONTH(DATE(LEFT($A$1,4),MID($A$1,5,2),RIGHT($A$1,2))-8))*(DAY(正負盤!$4:$4)=DAY(DATE(LEFT($A$1,4),MID($A$1,5,2),RIGHT($A$1,2))-8)), 0)), 0, "-"), "")} -> X | O14: {=IFERROR(SUBSTITUTE(INDEX(正負盤!$6:$20, ROW(A11), MATCH(1, (MONTH(正負盤!$4:$4)=MONTH(DATE(LEFT($A$1,4),MID($A$1,5,2),RIGHT($A$1,2))-7))*(DAY(正負盤!$4:$4)=DAY(DATE(LEFT($A$1,4),MID($A$1,5,2),RIGHT($A$1,2))-7)), 0)), 0, "-"), "")} | P14: {=IFERROR(SUBSTITUTE(INDEX(正負盤!$6:$20, ROW(A11), MATCH(1, (MONTH(正負盤!$4:$4)=MONTH(DATE(LEFT($A$1,4),MID($A$1,5,2),RIGHT($A$1,2))-6))*(DAY(正負盤!$4:$4)=DAY(DATE(LEFT($A$1,4),MID($A$1,5,2),RIGHT($A$1,2))-6)), 0)), 0, "-"), "")} -> X | Q14: {=IFERROR(SUBSTITUTE(INDEX(正負盤!$6:$20, ROW(A11), MATCH(1, (MONTH(正負盤!$4:$4)=MONTH(DATE(LEFT($A$1,4),MID($A$1,5,2),RIGHT($A$1,2))-5))*(DAY(正負盤!$4:$4)=DAY(DATE(LEFT($A$1,4),MID($A$1,5,2),RIGHT($A$1,2))-5)), 0)), 0, "-"), "")} | R14: {=IFERROR(SUBSTITUTE(INDEX(正負盤!$6:$20, ROW(A11), MATCH(1, (MONTH(正負盤!$4:$4)=MONTH(DATE(LEFT($A$1,4),MID($A$1,5,2),RIGHT($A$1,2))-4))*(DAY(正負盤!$4:$4)=DAY(DATE(LEFT($A$1,4),MID($A$1,5,2),RIGHT($A$1,2))-4)), 0)), 0, "-"), "")} | S14: {=IFERROR(SUBSTITUTE(INDEX(正負盤!$6:$20, ROW(A11), MATCH(1, (MONTH(正負盤!$4:$4)=MONTH(DATE(LEFT($A$1,4),MID($A$1,5,2),RIGHT($A$1,2))-3))*(DAY(正負盤!$4:$4)=DAY(DATE(LEFT($A$1,4),MID($A$1,5,2),RIGHT($A$1,2))-3)), 0)), 0, "-"), "")} -> O | T14: {=IFERROR(SUBSTITUTE(INDEX(正負盤!$6:$20, ROW(A11), MATCH(1, (MONTH(正負盤!$4:$4)=MONTH(DATE(LEFT($A$1,4),MID($A$1,5,2),RIGHT($A$1,2))-2))*(DAY(正負盤!$4:$4)=DAY(DATE(LEFT($A$1,4),MID($A$1,5,2),RIGHT($A$1,2))-2)), 0)), 0, "-"), "")} -> O | U14: {=IFERROR(SUBSTITUTE(INDEX(正負盤!$6:$20, ROW(A11), MATCH(1, (MONTH(正負盤!$4:$4)=MONTH(DATE(LEFT($A$1,4),MID($A$1,5,2),RIGHT($A$1,2))-1))*(DAY(正負盤!$4:$4)=DAY(DATE(LEFT($A$1,4),MID($A$1,5,2),RIGHT($A$1,2))-1)), 0)), 0, "-"), "")} -> X | V14: =C9 -> 09:40 | W14: =E9 -> 小熊 | X14: {=_xlfn.LET(_xlpm.s,SUBSTITUTE(Y14,".",""),_xlpm.c,RIGHT(_xlpm.s,1),_xlpm.n,ROW(INDIRECT("1:"&LEN(_xlpm.s))),_xlpm.cnt,MAX(IF(RIGHT(_xlpm.s,_xlpm.n)=REPT(_xlpm.c,_xlpm.n),_xlpm.n,0)),IF(_xlpm.cnt>=2,_xlpm.cnt&"連"&_xlpm.c,"1"&_xlpm.c))} -> 2連X | Y14: {=INDEX(各隊正負!$F:$F, MATCH("*"&$W14&"*", 各隊正負!$A:$A, 0)+6)} -> O.O.O.O.O.O.O.O.X.X | AB14: {=INDEX(各隊正負!$F:$F, MATCH("*"&$W14&"*", 各隊正負!$A:$A, 0)+4)} -> W.W.W.W.W.W.W.W.L.L | AE14: {=_xlfn.LET(_xlpm.s,SUBSTITUTE(AB14,".",""),_xlpm.c,RIGHT(_xlpm.s,1),_xlpm.n,ROW(INDIRECT("1:"&LEN(_xlpm.s))),_xlpm.cnt,MAX(IF(RIGHT(_xlpm.s,_xlpm.n)=REPT(_xlpm.c,_xlpm.n),_xlpm.n,0)),_xlpm.suffix,IF(_xlpm.c="W","勝","敗"),IF(_xlpm.cnt>=2,_xlpm.cnt&"連"&_xlpm.suffix,"1"&_xlpm.suffix))} -> 2連敗 | AF14: =E9 -> 小熊 | AG14: {=IFERROR(INDEX(各隊total!$B:$AB, MATCH($AF14, 各隊total!$A:$A, 0), COLUMN(A13)), "")} -> 28 | AH14: =CB27 -> 6.15 | AI14: =VLOOKUP(AH14*1, BV$15:BX$25, 3, TRUE) -> A+ | AJ14: =CC27 -> 6.5 | AK14: =VLOOKUP(AJ14*1, BY$15:CA$25, 3, TRUE) -> A+ | AL14: {=IFERROR(INDEX(各隊total!$C:$AB, MATCH($AF14, 各隊total!$A:$A, 0), COLUMN(A13)), "")} -> 964 | AM14: {=IFERROR(INDEX(各隊total!$D:$AB, MATCH($AF14, 各隊total!$A:$A, 0), COLUMN(A13)), "")} -> 149 | AN14: {=IFERROR(INDEX(各隊total!$E:$AB, MATCH($AF14, 各隊total!$A:$A, 0), COLUMN(A13)), "")} -> 254 | AO14: {=IFERROR(INDEX(各隊total!$F:$AB, MATCH($AF14, 各隊total!$A:$A, 0), COLUMN(A13)), "")} -> 41 | AP14: {=IFERROR(INDEX(各隊total!$G:$AB, MATCH($AF14, 各隊total!$A:$A, 0), COLUMN(A13)), "")} -> 3 | AQ14: {=IFERROR(INDEX(各隊total!$H:$AB, MATCH($AF14, 各隊total!$A:$A, 0), COLUMN(A13)), "")} -> 37 | AR14: {=IFERROR(INDEX(各隊total!$I:$AB, MATCH($AF14, 各隊total!$A:$A, 0), COLUMN(A13)), "")} -> 135 | AS14: {=IFERROR(INDEX(各隊total!$J:$AB, MATCH($AF14, 各隊total!$A:$A, 0), COLUMN(A13)), "")} -> 412 | AT14: {=IFERROR(INDEX(各隊total!$K:$AB, MATCH($AF14, 各隊total!$A:$A, 0), COLUMN(A13)), "")} -> 126 | AU14: {=IFERROR(INDEX(各隊total!$L:$AB, MATCH($AF14, 各隊total!$A:$A, 0), COLUMN(A13)), "")} -> 239 | AV14: {=IFERROR(INDEX(各隊total!$M:$AB, MATCH($AF14, 各隊total!$A:$A, 0), COLUMN(A13)), "")} -> 18 | AW14: {=IFERROR(INDEX(各隊total!$N:$AB, MATCH($AF14, 各隊total!$A:$A, 0), COLUMN(A13)), "")} -> .263 | AX14: {=IFERROR(INDEX(各隊total!$O:$AB, MATCH($AF14, 各隊total!$A:$A, 0), COLUMN(A13)), "")} -> .354 | AY14: {=IFERROR(INDEX(各隊total!$P:$AB, MATCH($AF14, 各隊total!$A:$A, 0), COLUMN(A13)), "")} -> .427 | AZ14: {=IFERROR(INDEX(各隊total!$Q:$AB, MATCH($AF14, 各隊total!$A:$A, 0), COLUMN(A13)), "")} -> .781 | BA14: {=IFERROR(INDEX(各隊total!$R:$AB, MATCH($AF14, 各隊total!$A:$A, 0), COLUMN(A13)), "")} -> 0 | BB14: {=IFERROR(INDEX(各隊total!$S:$AB, MATCH($AF14, 各隊total!$A:$A, 0), COLUMN(A13)), "")} -> 151.1 | BC14: {=IFERROR(INDEX(各隊total!$T:$AB, MATCH($AF14, 各隊total!$A:$A, 0), COLUMN(A13)), "")} -> 5.5 | BD14: {=IFERROR(INDEX(各隊total!$U:$AB, MATCH($AF14, 各隊total!$A:$A, 0), COLUMN(A13)), "")} -> .113 | BE14: {=IFERROR(INDEX(各隊total!$V:$AB, MATCH($AF14, 各隊total!$A:$A, 0), COLUMN(A13)), "")} -> 0.53 | BF14: {=IFERROR(INDEX(各隊total!$W:$AB, MATCH($AF14, 各隊total!$A:$A, 0), COLUMN(A13)), "")} -> .164 | BG14: {=IFERROR(INDEX(各隊total!$X:$AB, MATCH($AF14, 各隊total!$A:$A, 0), COLUMN(A13)), "")} -> .309 | BH14: {=IFERROR(INDEX(各隊total!$Y:$AB, MATCH($AF14, 各隊total!$A:$A, 0), COLUMN(A13)), "")} -> 3.89 | BI14: {=IFERROR(INDEX(各隊total!$Z:$AB, MATCH($AF14, 各隊total!$A:$A, 0), COLUMN(A13)), "")} -> 81 | BJ14: {=IFERROR(INDEX(各隊total!$AA:$AB, MATCH($AF14, 各隊total!$A:$A, 0), COLUMN(A13)), "")} -> 1116 | BK14: {=IFERROR(INDEX(各隊total!$AB:$AB, MATCH($AF14, 各隊total!$A:$A, 0), COLUMN(A13)), "")} -> 26.1 | BL14: {=IFERROR(INDEX(各隊total!$C:$AB, MATCH($AF14, 各隊total!$A:$A, 0), COLUMN(AA13)), "")} | BM14: HR/G每場全壘打 | BO14: 0.1 | BP14: BB/SO/四壞/三振 | BR14: 0.1 | BS14: SB/盜壘 | BU14: 0.05 | BV14: 基本數據分級 | BX14: 0 | BY14: 進階數據分級 | CA14: 0 | CB14: =AF8 -> 水手 | CD14: =AG8 -> 29 | CE14: =AL8 -> 960 | CF14: =AM8 -> 118 | CG14: =AN8 -> 224 | CH14: =AO8 -> 40 | CI14: =AP8 -> 3 | CJ14: =AQ8 -> 31 | CK14: =AR8 -> 115 | CL14: =AS8 -> 363 | ... DD14: =BK8 -> 31.0 | DF14: =先發名單!M$2 -> C. Simpson | DG14: {=IFERROR(INDEX(球員狀態!$C$2:$C$5000, MATCH(1, (球員狀態!$A$2:$A$5000=$DF$1)*(ISNUMBER(SEARCH($DF14, 球員狀態!$B$2:$B$5000))), 0)), "")} | DJ14: {=IFERROR(INDEX(球員狀態!$F$2:$F$5000, MATCH(1, (球員狀態!$A$2:$A$5000=$DF$1)*(ISNUMBER(SEARCH($DF14, 球員狀態!$B$2:$B$5000))), 0)), "")} | DK14: {=IFERROR(INDEX(球員狀態!$G$2:$G$5000, MATCH(1, (球員狀態!$A$2:$A$5000=$DF$1)*(ISNUMBER(SEARCH($DF14, 球員狀態!$B$2:$B$5000))), 0)), "")} | DL14: {=IFERROR(INDEX(球員狀態!H$2:H$5000, MATCH(1, (球員狀態!$A$2:$A$5000=$DF$1)*(ISNUMBER(SEARCH($DF14, 球員狀態!$B$2:$B$5000))), 0)), "")} | DM14: {=IFERROR(INDEX(球員狀態!I$2:I$5000, MATCH(1, (球員狀態!$A$2:$A$5000=$DF$1)*(ISNUMBER(SEARCH($DF14, 球員狀態!$B$2:$B$5000))), 0)), "")} | DN14: {=IFERROR(INDEX(球員狀態!J$2:J$5000, MATCH(1, (球員狀態!$A$2:$A$5000=$DF$1)*(ISNUMBER(SEARCH($DF14, 球員狀態!$B$2:$B$5000))), 0)), "")} | DO14: {=IFERROR(INDEX(球員狀態!K$2:K$5000, MATCH(1, (球員狀態!$A$2:$A$5000=$DF$1)*(ISNUMBER(SEARCH($DF14, 球員狀態!$B$2:$B$5000))), 0)), "")} | DP14: {=IFERROR(INDEX(球員狀態!L$2:L$5000, MATCH(1, (球員狀態!$A$2:$A$5000=$DF$1)*(ISNUMBER(SEARCH($DF14, 球員狀態!$B$2:$B$5000))), 0)), "")} | DQ14: {=IFERROR(INDEX(球員狀態!M$2:M$5000, MATCH(1, (球員狀態!$A$2:$A$5000=$DF$1)*(ISNUMBER(SEARCH($DF14, 球員狀態!$B$2:$B$5000))), 0)), "")} | DR14: {=IFERROR(INDEX(球員狀態!N$2:N$5000, MATCH(1, (球員狀態!$A$2:$A$5000=$DF$1)*(ISNUMBER(SEARCH($DF14, 球員狀態!$B$2:$B$5000))), 0)), "")} | DS14: {=IFERROR(INDEX(球員狀態!O$2:O$5000, MATCH(1, (球員狀態!$A$2:$A$5000=$DF$1)*(ISNUMBER(SEARCH($DF14, 球員狀態!$B$2:$B$5000))), 0)), "")} | ... EF14: {=IFERROR(INDEX(球員狀態!AB$2:AB$5000, MATCH(1, (球員狀態!$A$2:$A$5000=$DF$1)*(ISNUMBER(SEARCH($DF14, 球員狀態!$B$2:$B$5000))), 0)), "")} | EI14: =先發名單!U$2 -> D. Schneemann | EJ14: {=IFERROR(INDEX(球員狀態!$C$2:$C$5000, MATCH(1, (球員狀態!$A$2:$A$5000=$EI$1)*(ISNUMBER(SEARCH($EI14, 球員狀態!$B$2:$B$5000))), 0)), "")} | EM14: {=IFERROR(INDEX(球員狀態!F$2:F$5000, MATCH(1, (球員狀態!$A$2:$A$5000=$EI$1)*(ISNUMBER(SEARCH($EI14, 球員狀態!$B$2:$B$5000))), 0)), "")} | EN14: {=IFERROR(INDEX(球員狀態!G$2:G$5000, MATCH(1, (球員狀態!$A$2:$A$5000=$EI$1)*(ISNUMBER(SEARCH($EI14, 球員狀態!$B$2:$B$5000))), 0)), "")} | EO14: {=IFERROR(INDEX(球員狀態!H$2:H$5000, MATCH(1, (球員狀態!$A$2:$A$5000=$EI$1)*(ISNUMBER(SEARCH($EI14, 球員狀態!$B$2:$B$5000))), 0)), "")} | EP14: {=IFERROR(INDEX(球員狀態!I$2:I$5000, MATCH(1, (球員狀態!$A$2:$A$5000=$EI$1)*(ISNUMBER(SEARCH($EI14, 球員狀態!$B$2:$B$5000))), 0)), "")} | EQ14: {=IFERROR(INDEX(球員狀態!J$2:J$5000, MATCH(1, (球員狀態!$A$2:$A$5000=$EI$1)*(ISNUMBER(SEARCH($EI14, 球員狀態!$B$2:$B$5000))), 0)), "")} | ER14: {=IFERROR(INDEX(球員狀態!K$2:K$5000, MATCH(1, (球員狀態!$A$2:$A$5000=$EI$1)*(ISNUMBER(SEARCH($EI14, 球員狀態!$B$2:$B$5000))), 0)), "")} | ES14: {=IFERROR(INDEX(球員狀態!L$2:L$5000, MATCH(1, (球員狀態!$A$2:$A$5000=$EI$1)*(ISNUMBER(SEARCH($EI14, 球員狀態!$B$2:$B$5000))), 0)), "")} | ET14: {=IFERROR(INDEX(球員狀態!M$2:M$5000, MATCH(1, (球員狀態!$A$2:$A$5000=$EI$1)*(ISNUMBER(SEARCH($EI14, 球員狀態!$B$2:$B$5000))), 0)), "")} | ... FI14: {=IFERROR(INDEX(球員狀態!AB$2:AB$5000, MATCH(1, (球員狀態!$A$2:$A$5000=$EI$1)*(ISNUMBER(SEARCH($EI14, 球員狀態!$B$2:$B$5000))), 0)), "")} | FK14: TO/失誤 | FM14: 0.1 | FN14: PF/犯規 | FP14: 0.1 | FQ14: AST/TO助攻失誤比 | FS14: 0.15
A15: 13 | B15: #N/A | C15: #N/A | D15: #N/A | E15: #N/A | F15: #N/A | G15: #N/A | H15: #N/A | I15: #N/A | J15: #N/A | K15: #N/A | L15: {=IFERROR(SUBSTITUTE(INDEX(正負盤!$6:$20, ROW(A12), MATCH(1, (MONTH(正負盤!$4:$4)=MONTH(DATE(LEFT($A$1,4),MID($A$1,5,2),RIGHT($A$1,2))-10))*(DAY(正負盤!$4:$4)=DAY(DATE(LEFT($A$1,4),MID($A$1,5,2),RIGHT($A$1,2))-10)), 0)), 0, "-"), "")} -> O | M15: {=IFERROR(SUBSTITUTE(INDEX(正負盤!$6:$20, ROW(A12), MATCH(1, (MONTH(正負盤!$4:$4)=MONTH(DATE(LEFT($A$1,4),MID($A$1,5,2),RIGHT($A$1,2))-9))*(DAY(正負盤!$4:$4)=DAY(DATE(LEFT($A$1,4),MID($A$1,5,2),RIGHT($A$1,2))-9)), 0)), 0, "-"), "")} -> O | N15: {=IFERROR(SUBSTITUTE(INDEX(正負盤!$6:$20, ROW(A12), MATCH(1, (MONTH(正負盤!$4:$4)=MONTH(DATE(LEFT($A$1,4),MID($A$1,5,2),RIGHT($A$1,2))-8))*(DAY(正負盤!$4:$4)=DAY(DATE(LEFT($A$1,4),MID($A$1,5,2),RIGHT($A$1,2))-8)), 0)), 0, "-"), "")} -> O | O15: {=IFERROR(SUBSTITUTE(INDEX(正負盤!$6:$20, ROW(A12), MATCH(1, (MONTH(正負盤!$4:$4)=MONTH(DATE(LEFT($A$1,4),MID($A$1,5,2),RIGHT($A$1,2))-7))*(DAY(正負盤!$4:$4)=DAY(DATE(LEFT($A$1,4),MID($A$1,5,2),RIGHT($A$1,2))-7)), 0)), 0, "-"), "")} | P15: {=IFERROR(SUBSTITUTE(INDEX(正負盤!$6:$20, ROW(A12), MATCH(1, (MONTH(正負盤!$4:$4)=MONTH(DATE(LEFT($A$1,4),MID($A$1,5,2),RIGHT($A$1,2))-6))*(DAY(正負盤!$4:$4)=DAY(DATE(LEFT($A$1,4),MID($A$1,5,2),RIGHT($A$1,2))-6)), 0)), 0, "-"), "")} -> X | Q15: {=IFERROR(SUBSTITUTE(INDEX(正負盤!$6:$20, ROW(A12), MATCH(1, (MONTH(正負盤!$4:$4)=MONTH(DATE(LEFT($A$1,4),MID($A$1,5,2),RIGHT($A$1,2))-5))*(DAY(正負盤!$4:$4)=DAY(DATE(LEFT($A$1,4),MID($A$1,5,2),RIGHT($A$1,2))-5)), 0)), 0, "-"), "")} | R15: {=IFERROR(SUBSTITUTE(INDEX(正負盤!$6:$20, ROW(A12), MATCH(1, (MONTH(正負盤!$4:$4)=MONTH(DATE(LEFT($A$1,4),MID($A$1,5,2),RIGHT($A$1,2))-4))*(DAY(正負盤!$4:$4)=DAY(DATE(LEFT($A$1,4),MID($A$1,5,2),RIGHT($A$1,2))-4)), 0)), 0, "-"), "")} | S15: {=IFERROR(SUBSTITUTE(INDEX(正負盤!$6:$20, ROW(A12), MATCH(1, (MONTH(正負盤!$4:$4)=MONTH(DATE(LEFT($A$1,4),MID($A$1,5,2),RIGHT($A$1,2))-3))*(DAY(正負盤!$4:$4)=DAY(DATE(LEFT($A$1,4),MID($A$1,5,2),RIGHT($A$1,2))-3)), 0)), 0, "-"), "")} -> O | T15: {=IFERROR(SUBSTITUTE(INDEX(正負盤!$6:$20, ROW(A12), MATCH(1, (MONTH(正負盤!$4:$4)=MONTH(DATE(LEFT($A$1,4),MID($A$1,5,2),RIGHT($A$1,2))-2))*(DAY(正負盤!$4:$4)=DAY(DATE(LEFT($A$1,4),MID($A$1,5,2),RIGHT($A$1,2))-2)), 0)), 0, "-"), "")} -> X | U15: {=IFERROR(SUBSTITUTE(INDEX(正負盤!$6:$20, ROW(A12), MATCH(1, (MONTH(正負盤!$4:$4)=MONTH(DATE(LEFT($A$1,4),MID($A$1,5,2),RIGHT($A$1,2))-1))*(DAY(正負盤!$4:$4)=DAY(DATE(LEFT($A$1,4),MID($A$1,5,2),RIGHT($A$1,2))-1)), 0)), 0, "-"), "")} -> X | W15: =I9 -> 教士 | X15: {=_xlfn.LET(_xlpm.s,SUBSTITUTE(Y15,".",""),_xlpm.c,RIGHT(_xlpm.s,1),_xlpm.n,ROW(INDIRECT("1:"&LEN(_xlpm.s))),_xlpm.cnt,MAX(IF(RIGHT(_xlpm.s,_xlpm.n)=REPT(_xlpm.c,_xlpm.n),_xlpm.n,0)),IF(_xlpm.cnt>=2,_xlpm.cnt&"連"&_xlpm.c,"1"&_xlpm.c))} -> 1X | Y15: {=INDEX(各隊正負!$F:$F, MATCH("*"&$W15&"*", 各隊正負!$A:$A, 0)+6)} -> O.O.O.X.O.X.X.O.O.X | AB15: {=INDEX(各隊正負!$F:$F, MATCH("*"&$W15&"*", 各隊正負!$A:$A, 0)+4)} -> W.W.W.L.W.W.W.W.W.L | AE15: {=_xlfn.LET(_xlpm.s,SUBSTITUTE(AB15,".",""),_xlpm.c,RIGHT(_xlpm.s,1),_xlpm.n,ROW(INDIRECT("1:"&LEN(_xlpm.s))),_xlpm.cnt,MAX(IF(RIGHT(_xlpm.s,_xlpm.n)=REPT(_xlpm.c,_xlpm.n),_xlpm.n,0)),_xlpm.suffix,IF(_xlpm.c="W","勝","敗"),IF(_xlpm.cnt>=2,_xlpm.cnt&"連"&_xlpm.suffix,"1"&_xlpm.suffix))} -> 1敗 | AF15: =I9 -> 教士 | AG15: {=IFERROR(INDEX(各隊total!$B:$AB, MATCH($AF15, 各隊total!$A:$A, 0), COLUMN(A14)), "")} -> 27 | AH15: =CB29 -> 3.9 | AI15: =VLOOKUP(AH15*1, BV$15:BX$25, 3, TRUE) -> B- | AJ15: =CC29 -> 4.15 | AK15: =VLOOKUP(AJ15*1, BY$15:CA$25, 3, TRUE) -> B | AL15: {=IFERROR(INDEX(各隊total!$C:$AB, MATCH($AF15, 各隊total!$A:$A, 0), COLUMN(A14)), "")} -> 898 | AM15: {=IFERROR(INDEX(各隊total!$D:$AB, MATCH($AF15, 各隊total!$A:$A, 0), COLUMN(A14)), "")} -> 123 | AN15: {=IFERROR(INDEX(各隊total!$E:$AB, MATCH($AF15, 各隊total!$A:$A, 0), COLUMN(A14)), "")} -> 211 | AO15: {=IFERROR(INDEX(各隊total!$F:$AB, MATCH($AF15, 各隊total!$A:$A, 0), COLUMN(A14)), "")} -> 51 | AP15: {=IFERROR(INDEX(各隊total!$G:$AB, MATCH($AF15, 各隊total!$A:$A, 0), COLUMN(A14)), "")} -> 3 | AQ15: {=IFERROR(INDEX(各隊total!$H:$AB, MATCH($AF15, 各隊total!$A:$A, 0), COLUMN(A14)), "")} -> 25 | AR15: {=IFERROR(INDEX(各隊total!$I:$AB, MATCH($AF15, 各隊total!$A:$A, 0), COLUMN(A14)), "")} -> 118 | AS15: {=IFERROR(INDEX(各隊total!$J:$AB, MATCH($AF15, 各隊total!$A:$A, 0), COLUMN(A14)), "")} -> 343 | AT15: {=IFERROR(INDEX(各隊total!$K:$AB, MATCH($AF15, 各隊total!$A:$A, 0), COLUMN(A14)), "")} -> 94 | AU15: {=IFERROR(INDEX(各隊total!$L:$AB, MATCH($AF15, 各隊total!$A:$A, 0), COLUMN(A14)), "")} -> 222 | AV15: {=IFERROR(INDEX(各隊total!$M:$AB, MATCH($AF15, 各隊total!$A:$A, 0), COLUMN(A14)), "")} -> 23 | AW15: {=IFERROR(INDEX(各隊total!$N:$AB, MATCH($AF15, 各隊total!$A:$A, 0), COLUMN(A14)), "")} -> .235 | AX15: {=IFERROR(INDEX(各隊total!$O:$AB, MATCH($AF15, 各隊total!$A:$A, 0), COLUMN(A14)), "")} -> .311 | AY15: {=IFERROR(INDEX(各隊total!$P:$AB, MATCH($AF15, 各隊total!$A:$A, 0), COLUMN(A14)), "")} -> .382 | AZ15: {=IFERROR(INDEX(各隊total!$Q:$AB, MATCH($AF15, 各隊total!$A:$A, 0), COLUMN(A14)), "")} -> .693 | BA15: {=IFERROR(INDEX(各隊total!$R:$AB, MATCH($AF15, 各隊total!$A:$A, 0), COLUMN(A14)), "")} -> 0 | BB15: {=IFERROR(INDEX(各隊total!$S:$AB, MATCH($AF15, 各隊total!$A:$A, 0), COLUMN(A14)), "")} -> 110.8 | BC15: {=IFERROR(INDEX(各隊total!$T:$AB, MATCH($AF15, 各隊total!$A:$A, 0), COLUMN(A14)), "")} -> 4.1 | BD15: {=IFERROR(INDEX(各隊total!$U:$AB, MATCH($AF15, 各隊total!$A:$A, 0), COLUMN(A14)), "")} -> .093 | BE15: {=IFERROR(INDEX(各隊total!$V:$AB, MATCH($AF15, 各隊total!$A:$A, 0), COLUMN(A14)), "")} -> 0.42 | BF15: {=IFERROR(INDEX(各隊total!$W:$AB, MATCH($AF15, 各隊total!$A:$A, 0), COLUMN(A14)), "")} -> .147 | BG15: {=IFERROR(INDEX(各隊total!$X:$AB, MATCH($AF15, 各隊total!$A:$A, 0), COLUMN(A14)), "")} -> .271 | BH15: {=IFERROR(INDEX(各隊total!$Y:$AB, MATCH($AF15, 各隊total!$A:$A, 0), COLUMN(A14)), "")} -> 3.91 | BI15: {=IFERROR(INDEX(各隊total!$Z:$AB, MATCH($AF15, 各隊total!$A:$A, 0), COLUMN(A14)), "")} -> 79 | BJ15: {=IFERROR(INDEX(各隊total!$AA:$AB, MATCH($AF15, 各隊total!$A:$A, 0), COLUMN(A14)), "")} -> 1014 | BK15: {=IFERROR(INDEX(各隊total!$AB:$AB, MATCH($AF15, 各隊total!$A:$A, 0), COLUMN(A14)), "")} -> 35.9 | BL15: {=IFERROR(INDEX(各隊total!$C:$AB, MATCH($AF15, 各隊total!$A:$A, 0), COLUMN(AA14)), "")} | BM15: 0 | BN15: 0.5 | BO15: 0 | BP15: 0 | BQ15: 0.15 | BR15: 0 | BS15: 0 | BT15: 0.2 | BU15: 0 | BV15: 0 | BW15: 1.5 | BX15: C- | BY15: 0 | BZ15: 1.5 | CA15: C- | CB15: =CF15+CJ15+CK15+CM15+CO15+CP15+CQ15+CR15 -> 3.9 | CC15: =CU15+CV15+CY15+CZ15+DA15 -> 5.05 | CF15: =VLOOKUP(ROUND(CF14/CD14, 2), $BV$2:$BX$12, 3, TRUE)*BX$1 -> 0.45 | CJ15: =VLOOKUP(ROUND(CJ14/CD14, 2), $BM$15:$BO$25, 3, TRUE)*BO$14 -> 0.4 | CK15: =VLOOKUP(ROUND(CK14/CD14, 2), $BY$2:$CA$12, 3, TRUE)*CA$1 -> 0.3 | CM15: =VLOOKUP(ROUND(CM14/CN14, 2), $BP$15:$BR$25, 3, TRUE)*BR$14 -> 0.5 | CO15: =VLOOKUP(ROUND(CO14/CD14, 2), $BS$15:$BU$25, 3, TRUE)*BU$14 -> 0.25 | CP15: =VLOOKUP(CP14*1, BM$2:BO$12, 3, TRUE)*BO$1 -> 0.4 | CQ15: =VLOOKUP(CQ14*1, BP$2:BR$12, 3, TRUE)*BR$1 -> 1 | CR15: =VLOOKUP(CR14*1, BS$2:BU$12, 3, TRUE)*BU$1 -> 0.6 | CU15: =VLOOKUP(CU14*1, BM$28:BO$38, 3, TRUE)*BO$27 -> 0.9 | CV15: =VLOOKUP(CV14*1, BP$28:BR$38, 3, TRUE)*BR$27 -> 1.4 | CY15: =VLOOKUP(CY14*1, BS$28:BU$38, 3, TRUE)*BU$27 -> 0.6 | CZ15: =VLOOKUP(CZ14*1, BV$28:BX$38, 3, TRUE)*BX$27 -> 0.75 | DA15: =VLOOKUP(DA14*1, BY$28:CA$38, 3, TRUE)*CA$27 -> 1.4 | DH15: =DJ15+DL15+DM15+DN15+DO15-DP15-DQ15+DR15 -> #VALUE! | DI15: =DU15+DX15+EA15+ED15+EE15+EF15 -> #VALUE! | DJ15: =VLOOKUP(DJ14*1, FK$2:FM$12, 3, TRUE)*FM$1 -> #VALUE! | DL15: =VLOOKUP(DL14*1, FN$2:FP$12, 3, TRUE)*FP$1 -> #VALUE! | DM15: =VLOOKUP(DM14*1, FQ$2:FS$12, 3, TRUE)*FS$1 -> #VALUE! | DN15: =VLOOKUP(DN14*1, FT$2:FV$12, 3, TRUE)*FV$1 -> #VALUE! | DO15: =VLOOKUP(DO14*1, FW$2:FY$12, 3, TRUE)*FY$1 -> #VALUE! | DP15: =VLOOKUP(DP14*1, FK$14:FM$25, 3, TRUE)*FM$14 -> #VALUE! | DQ15: =VLOOKUP(DQ14*1, FN$14:FP$25, 3, TRUE)*FP$14 -> #VALUE! | DR15: =VLOOKUP(DR14*1, FQ$14:FS$25, 3, TRUE)*FS$14 -> #VALUE! | DU15: =VLOOKUP(DU14*1, FK$27:FM$38, 3, TRUE)*FM$27 -> #VALUE! | DX15: =VLOOKUP(DX14*1, FN$27:FP$38, 3, TRUE)*FP$27 -> #VALUE! | EA15: =VLOOKUP(EA14*1, FQ$27:FS$38, 3, TRUE)*FS$27 -> #VALUE! | ED15: =VLOOKUP(ED14*1, FT$27:FV$38, 3, TRUE)*FV$27 -> #VALUE! | EE15: =VLOOKUP(EE14*1, FW$27:FY$38, 3, TRUE)*FY$27 -> #VALUE! | EF15: =VLOOKUP(EF14*1, FK$40:FM$51, 3, TRUE)*FM$40 -> #VALUE! | EK15: =EM15+EO15+EP15+EQ15+ER15-ES15-ET15+EU15 -> #VALUE! | EL15: =EX15+FA15+FD15+FG15+FH15+FI15 -> #VALUE! | EM15: =VLOOKUP(EM14*1, $FK$2:$FM$12, 3, TRUE)*$FM$1 -> #VALUE! | EO15: =VLOOKUP(EO14*1, $FN$2:$FP$12, 3, TRUE)*$FP$1 -> #VALUE! | EP15: =VLOOKUP(EP14*1, $FQ$2:$FS$12, 3, TRUE)*$FS$1 -> #VALUE! | EQ15: =VLOOKUP(EQ14*1, $FT$2:$FV$12, 3, TRUE)*$FV$1 -> #VALUE! | ER15: =VLOOKUP(ER14*1, $FW$2:$FY$12, 3, TRUE)*$FY$1 -> #VALUE! | ES15: =VLOOKUP(ES14*1, $FK$14:$FM$25, 3, TRUE)*$FM$14 -> #VALUE! | ET15: =VLOOKUP(ET14*1, $FN$14:$FP$25, 3, TRUE)*$FP$14 -> #VALUE! | EU15: =VLOOKUP(EU14*1, $FQ$14:$FS$25, 3, TRUE)*$FS$14 -> #VALUE! | EX15: =VLOOKUP(EX14*1, $FK$27:$FM$38, 3, TRUE)*$FM$27 -> #VALUE! | FA15: =VLOOKUP(FA14*1, $FN$27:$FP$38, 3, TRUE)*$FP$27 -> #VALUE! | FD15: =VLOOKUP(FD14*1, $FQ$27:$FS$38, 3, TRUE)*$FS$27 -> #VALUE! | FG15: =VLOOKUP(FG14*1, $FT$27:$FV$38, 3, TRUE)*$FV$27 -> #VALUE! | FH15: =VLOOKUP(FH14*1, $FW$27:$FY$38, 3, TRUE)*$FY$27 -> #VALUE! | FI15: =VLOOKUP(FI14*1, $FK$40:$FM$51, 3, TRUE)*$FM$40 -> #VALUE! | FK15: 0 | FL15: 0.6 | FM15: 0 | FN15: 0 | FO15: 1 | FP15: 0 | FQ15: 0 | FR15: 0.8 | FS15: 0
A16: 14 | B16: #N/A | C16: #N/A | D16: #N/A | E16: #N/A | F16: #N/A | G16: #N/A | H16: #N/A | I16: #N/A | J16: #N/A | K16: #N/A | L16: {=IFERROR(SUBSTITUTE(INDEX(正負盤!$6:$20, ROW(A13), MATCH(1, (MONTH(正負盤!$4:$4)=MONTH(DATE(LEFT($A$1,4),MID($A$1,5,2),RIGHT($A$1,2))-10))*(DAY(正負盤!$4:$4)=DAY(DATE(LEFT($A$1,4),MID($A$1,5,2),RIGHT($A$1,2))-10)), 0)), 0, "-"), "")} -> O | M16: {=IFERROR(SUBSTITUTE(INDEX(正負盤!$6:$20, ROW(A13), MATCH(1, (MONTH(正負盤!$4:$4)=MONTH(DATE(LEFT($A$1,4),MID($A$1,5,2),RIGHT($A$1,2))-9))*(DAY(正負盤!$4:$4)=DAY(DATE(LEFT($A$1,4),MID($A$1,5,2),RIGHT($A$1,2))-9)), 0)), 0, "-"), "")} -> X | N16: {=IFERROR(SUBSTITUTE(INDEX(正負盤!$6:$20, ROW(A13), MATCH(1, (MONTH(正負盤!$4:$4)=MONTH(DATE(LEFT($A$1,4),MID($A$1,5,2),RIGHT($A$1,2))-8))*(DAY(正負盤!$4:$4)=DAY(DATE(LEFT($A$1,4),MID($A$1,5,2),RIGHT($A$1,2))-8)), 0)), 0, "-"), "")} -> X | O16: {=IFERROR(SUBSTITUTE(INDEX(正負盤!$6:$20, ROW(A13), MATCH(1, (MONTH(正負盤!$4:$4)=MONTH(DATE(LEFT($A$1,4),MID($A$1,5,2),RIGHT($A$1,2))-7))*(DAY(正負盤!$4:$4)=DAY(DATE(LEFT($A$1,4),MID($A$1,5,2),RIGHT($A$1,2))-7)), 0)), 0, "-"), "")} | P16: {=IFERROR(SUBSTITUTE(INDEX(正負盤!$6:$20, ROW(A13), MATCH(1, (MONTH(正負盤!$4:$4)=MONTH(DATE(LEFT($A$1,4),MID($A$1,5,2),RIGHT($A$1,2))-6))*(DAY(正負盤!$4:$4)=DAY(DATE(LEFT($A$1,4),MID($A$1,5,2),RIGHT($A$1,2))-6)), 0)), 0, "-"), "")} -> X | Q16: {=IFERROR(SUBSTITUTE(INDEX(正負盤!$6:$20, ROW(A13), MATCH(1, (MONTH(正負盤!$4:$4)=MONTH(DATE(LEFT($A$1,4),MID($A$1,5,2),RIGHT($A$1,2))-5))*(DAY(正負盤!$4:$4)=DAY(DATE(LEFT($A$1,4),MID($A$1,5,2),RIGHT($A$1,2))-5)), 0)), 0, "-"), "")} | R16: {=IFERROR(SUBSTITUTE(INDEX(正負盤!$6:$20, ROW(A13), MATCH(1, (MONTH(正負盤!$4:$4)=MONTH(DATE(LEFT($A$1,4),MID($A$1,5,2),RIGHT($A$1,2))-4))*(DAY(正負盤!$4:$4)=DAY(DATE(LEFT($A$1,4),MID($A$1,5,2),RIGHT($A$1,2))-4)), 0)), 0, "-"), "")} | S16: {=IFERROR(SUBSTITUTE(INDEX(正負盤!$6:$20, ROW(A13), MATCH(1, (MONTH(正負盤!$4:$4)=MONTH(DATE(LEFT($A$1,4),MID($A$1,5,2),RIGHT($A$1,2))-3))*(DAY(正負盤!$4:$4)=DAY(DATE(LEFT($A$1,4),MID($A$1,5,2),RIGHT($A$1,2))-3)), 0)), 0, "-"), "")} -> X | T16: {=IFERROR(SUBSTITUTE(INDEX(正負盤!$6:$20, ROW(A13), MATCH(1, (MONTH(正負盤!$4:$4)=MONTH(DATE(LEFT($A$1,4),MID($A$1,5,2),RIGHT($A$1,2))-2))*(DAY(正負盤!$4:$4)=DAY(DATE(LEFT($A$1,4),MID($A$1,5,2),RIGHT($A$1,2))-2)), 0)), 0, "-"), "")} -> X | U16: {=IFERROR(SUBSTITUTE(INDEX(正負盤!$6:$20, ROW(A13), MATCH(1, (MONTH(正負盤!$4:$4)=MONTH(DATE(LEFT($A$1,4),MID($A$1,5,2),RIGHT($A$1,2))-1))*(DAY(正負盤!$4:$4)=DAY(DATE(LEFT($A$1,4),MID($A$1,5,2),RIGHT($A$1,2))-1)), 0)), 0, "-"), "")} -> O | V16: =C10 -> 10:10 | W16: =E10 -> 馬林魚 | X16: {=_xlfn.LET(_xlpm.s,SUBSTITUTE(Y16,".",""),_xlpm.c,RIGHT(_xlpm.s,1),_xlpm.n,ROW(INDIRECT("1:"&LEN(_xlpm.s))),_xlpm.cnt,MAX(IF(RIGHT(_xlpm.s,_xlpm.n)=REPT(_xlpm.c,_xlpm.n),_xlpm.n,0)),IF(_xlpm.cnt>=2,_xlpm.cnt&"連"&_xlpm.c,"1"&_xlpm.c))} -> 2連X | Y16: {=INDEX(各隊正負!$F:$F, MATCH("*"&$W16&"*", 各隊正負!$A:$A, 0)+6)} -> O.X.X.X.O.O.X.O.X.X | AB16: {=INDEX(各隊正負!$F:$F, MATCH("*"&$W16&"*", 各隊正負!$A:$A, 0)+4)} -> L.L.L.L.W.W.L.W.L.L | AE16: {=_xlfn.LET(_xlpm.s,SUBSTITUTE(AB16,".",""),_xlpm.c,RIGHT(_xlpm.s,1),_xlpm.n,ROW(INDIRECT("1:"&LEN(_xlpm.s))),_xlpm.cnt,MAX(IF(RIGHT(_xlpm.s,_xlpm.n)=REPT(_xlpm.c,_xlpm.n),_xlpm.n,0)),_xlpm.suffix,IF(_xlpm.c="W","勝","敗"),IF(_xlpm.cnt>=2,_xlpm.cnt&"連"&_xlpm.suffix,"1"&_xlpm.suffix))} -> 2連敗 | AF16: =E10 -> 馬林魚 | AG16: {=IFERROR(INDEX(各隊total!$B:$AB, MATCH($AF16, 各隊total!$A:$A, 0), COLUMN(A15)), "")} -> 28 | AH16: =CB31 -> 4.4 | AI16: =VLOOKUP(AH16*1, BV$15:BX$25, 3, TRUE) -> B | AJ16: =CC31 -> 4.5 | AK16: =VLOOKUP(AJ16*1, BY$15:CA$25, 3, TRUE) -> B | AL16: {=IFERROR(INDEX(各隊total!$C:$AB, MATCH($AF16, 各隊total!$A:$A, 0), COLUMN(A15)), "")} -> 930 | AM16: {=IFERROR(INDEX(各隊total!$D:$AB, MATCH($AF16, 各隊total!$A:$A, 0), COLUMN(A15)), "")} -> 126 | AN16: {=IFERROR(INDEX(各隊total!$E:$AB, MATCH($AF16, 各隊total!$A:$A, 0), COLUMN(A15)), "")} -> 237 | AO16: {=IFERROR(INDEX(各隊total!$F:$AB, MATCH($AF16, 各隊total!$A:$A, 0), COLUMN(A15)), "")} -> 46 | AP16: {=IFERROR(INDEX(各隊total!$G:$AB, MATCH($AF16, 各隊total!$A:$A, 0), COLUMN(A15)), "")} -> 8 | AQ16: {=IFERROR(INDEX(各隊total!$H:$AB, MATCH($AF16, 各隊total!$A:$A, 0), COLUMN(A15)), "")} -> 20 | AR16: {=IFERROR(INDEX(各隊total!$I:$AB, MATCH($AF16, 各隊total!$A:$A, 0), COLUMN(A15)), "")} -> 121 | AS16: {=IFERROR(INDEX(各隊total!$J:$AB, MATCH($AF16, 各隊total!$A:$A, 0), COLUMN(A15)), "")} -> 359 | AT16: {=IFERROR(INDEX(各隊total!$K:$AB, MATCH($AF16, 各隊total!$A:$A, 0), COLUMN(A15)), "")} -> 96 | AU16: {=IFERROR(INDEX(各隊total!$L:$AB, MATCH($AF16, 各隊total!$A:$A, 0), COLUMN(A15)), "")} -> 214 | AV16: {=IFERROR(INDEX(各隊total!$M:$AB, MATCH($AF16, 各隊total!$A:$A, 0), COLUMN(A15)), "")} -> 31 | AW16: {=IFERROR(INDEX(各隊total!$N:$AB, MATCH($AF16, 各隊total!$A:$A, 0), COLUMN(A15)), "")} -> .255 | AX16: {=IFERROR(INDEX(各隊total!$O:$AB, MATCH($AF16, 各隊total!$A:$A, 0), COLUMN(A15)), "")} -> .332 | AY16: {=IFERROR(INDEX(各隊total!$P:$AB, MATCH($AF16, 各隊total!$A:$A, 0), COLUMN(A15)), "")} -> .386 | AZ16: {=IFERROR(INDEX(各隊total!$Q:$AB, MATCH($AF16, 各隊total!$A:$A, 0), COLUMN(A15)), "")} -> .718 | BA16: {=IFERROR(INDEX(各隊total!$R:$AB, MATCH($AF16, 各隊total!$A:$A, 0), COLUMN(A15)), "")} -> 0 | BB16: {=IFERROR(INDEX(各隊total!$S:$AB, MATCH($AF16, 各隊total!$A:$A, 0), COLUMN(A15)), "")} -> 126.4 | BC16: {=IFERROR(INDEX(各隊total!$T:$AB, MATCH($AF16, 各隊total!$A:$A, 0), COLUMN(A15)), "")} -> 4.7 | BD16: {=IFERROR(INDEX(各隊total!$U:$AB, MATCH($AF16, 各隊total!$A:$A, 0), COLUMN(A15)), "")} -> .091 | BE16: {=IFERROR(INDEX(各隊total!$V:$AB, MATCH($AF16, 各隊total!$A:$A, 0), COLUMN(A15)), "")} -> 0.45 | BF16: {=IFERROR(INDEX(各隊total!$W:$AB, MATCH($AF16, 各隊total!$A:$A, 0), COLUMN(A15)), "")} -> .131 | BG16: {=IFERROR(INDEX(各隊total!$X:$AB, MATCH($AF16, 各隊total!$A:$A, 0), COLUMN(A15)), "")} -> .260 | BH16: {=IFERROR(INDEX(各隊total!$Y:$AB, MATCH($AF16, 各隊total!$A:$A, 0), COLUMN(A15)), "")} -> 3.87 | BI16: {=IFERROR(INDEX(各隊total!$Z:$AB, MATCH($AF16, 各隊total!$A:$A, 0), COLUMN(A15)), "")} -> 74 | BJ16: {=IFERROR(INDEX(各隊total!$AA:$AB, MATCH($AF16, 各隊total!$A:$A, 0), COLUMN(A15)), "")} -> 1054 | BK16: {=IFERROR(INDEX(各隊total!$AB:$AB, MATCH($AF16, 各隊total!$A:$A, 0), COLUMN(A15)), "")} -> 46.5 | BL16: {=IFERROR(INDEX(各隊total!$C:$AB, MATCH($AF16, 各隊total!$A:$A, 0), COLUMN(AA15)), "")} | BM16: 0.51 | BN16: 0.7 | BO16: 1 | BP16: 0.16 | BQ16: 0.22 | BR16: 1 | BS16: 0.21 | BT16: 0.35 | BU16: 1 | BV16: 1.6 | BW16: 3 | BX16: C | BY16: 1.51 | BZ16: 2.5 | CA16: C | CB16: =AF9 -> 雙城 | CD16: =AG9 -> 28 | CE16: =AL9 -> 927 | CF16: =AM9 -> 132 | CG16: =AN9 -> 210 | CH16: =AO9 -> 34 | CI16: =AP9 -> 2 | CJ16: =AQ9 -> 33 | CK16: =AR9 -> 127 | CL16: =AS9 -> 347 | ... DD16: =BK9 -> 28.1 | DF16: =先發名單!N$2 -> Nick Fortes | DG16: {=IFERROR(INDEX(球員狀態!$C$2:$C$5000, MATCH(1, (球員狀態!$A$2:$A$5000=$DF$1)*(ISNUMBER(SEARCH($DF16, 球員狀態!$B$2:$B$5000))), 0)), "")} -> C | DJ16: {=IFERROR(INDEX(球員狀態!$F$2:$F$5000, MATCH(1, (球員狀態!$A$2:$A$5000=$DF$1)*(ISNUMBER(SEARCH($DF16, 球員狀態!$B$2:$B$5000))), 0)), "")} -> 5 | DK16: {=IFERROR(INDEX(球員狀態!$G$2:$G$5000, MATCH(1, (球員狀態!$A$2:$A$5000=$DF$1)*(ISNUMBER(SEARCH($DF16, 球員狀態!$B$2:$B$5000))), 0)), "")} -> 20 | DL16: {=IFERROR(INDEX(球員狀態!H$2:H$5000, MATCH(1, (球員狀態!$A$2:$A$5000=$DF$1)*(ISNUMBER(SEARCH($DF16, 球員狀態!$B$2:$B$5000))), 0)), "")} -> 5 | DM16: {=IFERROR(INDEX(球員狀態!I$2:I$5000, MATCH(1, (球員狀態!$A$2:$A$5000=$DF$1)*(ISNUMBER(SEARCH($DF16, 球員狀態!$B$2:$B$5000))), 0)), "")} -> 0 | DN16: {=IFERROR(INDEX(球員狀態!J$2:J$5000, MATCH(1, (球員狀態!$A$2:$A$5000=$DF$1)*(ISNUMBER(SEARCH($DF16, 球員狀態!$B$2:$B$5000))), 0)), "")} -> 1 | DO16: {=IFERROR(INDEX(球員狀態!K$2:K$5000, MATCH(1, (球員狀態!$A$2:$A$5000=$DF$1)*(ISNUMBER(SEARCH($DF16, 球員狀態!$B$2:$B$5000))), 0)), "")} -> 8 | DP16: {=IFERROR(INDEX(球員狀態!L$2:L$5000, MATCH(1, (球員狀態!$A$2:$A$5000=$DF$1)*(ISNUMBER(SEARCH($DF16, 球員狀態!$B$2:$B$5000))), 0)), "")} -> 28 | DQ16: {=IFERROR(INDEX(球員狀態!M$2:M$5000, MATCH(1, (球員狀態!$A$2:$A$5000=$DF$1)*(ISNUMBER(SEARCH($DF16, 球員狀態!$B$2:$B$5000))), 0)), "")} -> 2 | DR16: {=IFERROR(INDEX(球員狀態!N$2:N$5000, MATCH(1, (球員狀態!$A$2:$A$5000=$DF$1)*(ISNUMBER(SEARCH($DF16, 球員狀態!$B$2:$B$5000))), 0)), "")} -> 9 | DS16: {=IFERROR(INDEX(球員狀態!O$2:O$5000, MATCH(1, (球員狀態!$A$2:$A$5000=$DF$1)*(ISNUMBER(SEARCH($DF16, 球員狀態!$B$2:$B$5000))), 0)), "")} -> 0 | ... EF16: {=IFERROR(INDEX(球員狀態!AB$2:AB$5000, MATCH(1, (球員狀態!$A$2:$A$5000=$DF$1)*(ISNUMBER(SEARCH($DF16, 球員狀態!$B$2:$B$5000))), 0)), "")} -> 6 | EI16: =先發名單!V$2 -> Juan Brito | EJ16: {=IFERROR(INDEX(球員狀態!$C$2:$C$5000, MATCH(1, (球員狀態!$A$2:$A$5000=$EI$1)*(ISNUMBER(SEARCH($EI16, 球員狀態!$B$2:$B$5000))), 0)), "")} -> SS | EM16: {=IFERROR(INDEX(球員狀態!F$2:F$5000, MATCH(1, (球員狀態!$A$2:$A$5000=$EI$1)*(ISNUMBER(SEARCH($EI16, 球員狀態!$B$2:$B$5000))), 0)), "")} -> 7 | EN16: {=IFERROR(INDEX(球員狀態!G$2:G$5000, MATCH(1, (球員狀態!$A$2:$A$5000=$EI$1)*(ISNUMBER(SEARCH($EI16, 球員狀態!$B$2:$B$5000))), 0)), "")} -> 9 | EO16: {=IFERROR(INDEX(球員狀態!H$2:H$5000, MATCH(1, (球員狀態!$A$2:$A$5000=$EI$1)*(ISNUMBER(SEARCH($EI16, 球員狀態!$B$2:$B$5000))), 0)), "")} -> 4 | EP16: {=IFERROR(INDEX(球員狀態!I$2:I$5000, MATCH(1, (球員狀態!$A$2:$A$5000=$EI$1)*(ISNUMBER(SEARCH($EI16, 球員狀態!$B$2:$B$5000))), 0)), "")} -> 0 | EQ16: {=IFERROR(INDEX(球員狀態!J$2:J$5000, MATCH(1, (球員狀態!$A$2:$A$5000=$EI$1)*(ISNUMBER(SEARCH($EI16, 球員狀態!$B$2:$B$5000))), 0)), "")} -> 0 | ER16: {=IFERROR(INDEX(球員狀態!K$2:K$5000, MATCH(1, (球員狀態!$A$2:$A$5000=$EI$1)*(ISNUMBER(SEARCH($EI16, 球員狀態!$B$2:$B$5000))), 0)), "")} -> 3 | ES16: {=IFERROR(INDEX(球員狀態!L$2:L$5000, MATCH(1, (球員狀態!$A$2:$A$5000=$EI$1)*(ISNUMBER(SEARCH($EI16, 球員狀態!$B$2:$B$5000))), 0)), "")} -> 13 | ET16: {=IFERROR(INDEX(球員狀態!M$2:M$5000, MATCH(1, (球員狀態!$A$2:$A$5000=$EI$1)*(ISNUMBER(SEARCH($EI16, 球員狀態!$B$2:$B$5000))), 0)), "")} -> 4 | ... FI16: {=IFERROR(INDEX(球員狀態!AB$2:AB$5000, MATCH(1, (球員狀態!$A$2:$A$5000=$EI$1)*(ISNUMBER(SEARCH($EI16, 球員狀態!$B$2:$B$5000))), 0)), "")} -> 4 | FK16: 0.61 | FL16: 0.9 | FM16: 1 | FN16: 1.01 | FO16: 1.4 | FP16: 1 | FQ16: 0.81 | FR16: 1.1 | FS16: 1
A17: 15 | B17: #N/A | C17: #N/A | D17: #N/A | E17: #N/A | F17: #N/A | G17: #N/A | H17: #N/A | I17: #N/A | J17: #N/A | K17: #N/A | L17: {=IFERROR(SUBSTITUTE(INDEX(正負盤!$6:$20, ROW(A14), MATCH(1, (MONTH(正負盤!$4:$4)=MONTH(DATE(LEFT($A$1,4),MID($A$1,5,2),RIGHT($A$1,2))-10))*(DAY(正負盤!$4:$4)=DAY(DATE(LEFT($A$1,4),MID($A$1,5,2),RIGHT($A$1,2))-10)), 0)), 0, "-"), "")} -> O | M17: {=IFERROR(SUBSTITUTE(INDEX(正負盤!$6:$20, ROW(A14), MATCH(1, (MONTH(正負盤!$4:$4)=MONTH(DATE(LEFT($A$1,4),MID($A$1,5,2),RIGHT($A$1,2))-9))*(DAY(正負盤!$4:$4)=DAY(DATE(LEFT($A$1,4),MID($A$1,5,2),RIGHT($A$1,2))-9)), 0)), 0, "-"), "")} -> O | N17: {=IFERROR(SUBSTITUTE(INDEX(正負盤!$6:$20, ROW(A14), MATCH(1, (MONTH(正負盤!$4:$4)=MONTH(DATE(LEFT($A$1,4),MID($A$1,5,2),RIGHT($A$1,2))-8))*(DAY(正負盤!$4:$4)=DAY(DATE(LEFT($A$1,4),MID($A$1,5,2),RIGHT($A$1,2))-8)), 0)), 0, "-"), "")} -> O | O17: {=IFERROR(SUBSTITUTE(INDEX(正負盤!$6:$20, ROW(A14), MATCH(1, (MONTH(正負盤!$4:$4)=MONTH(DATE(LEFT($A$1,4),MID($A$1,5,2),RIGHT($A$1,2))-7))*(DAY(正負盤!$4:$4)=DAY(DATE(LEFT($A$1,4),MID($A$1,5,2),RIGHT($A$1,2))-7)), 0)), 0, "-"), "")} | P17: {=IFERROR(SUBSTITUTE(INDEX(正負盤!$6:$20, ROW(A14), MATCH(1, (MONTH(正負盤!$4:$4)=MONTH(DATE(LEFT($A$1,4),MID($A$1,5,2),RIGHT($A$1,2))-6))*(DAY(正負盤!$4:$4)=DAY(DATE(LEFT($A$1,4),MID($A$1,5,2),RIGHT($A$1,2))-6)), 0)), 0, "-"), "")} -> X | Q17: {=IFERROR(SUBSTITUTE(INDEX(正負盤!$6:$20, ROW(A14), MATCH(1, (MONTH(正負盤!$4:$4)=MONTH(DATE(LEFT($A$1,4),MID($A$1,5,2),RIGHT($A$1,2))-5))*(DAY(正負盤!$4:$4)=DAY(DATE(LEFT($A$1,4),MID($A$1,5,2),RIGHT($A$1,2))-5)), 0)), 0, "-"), "")} | R17: {=IFERROR(SUBSTITUTE(INDEX(正負盤!$6:$20, ROW(A14), MATCH(1, (MONTH(正負盤!$4:$4)=MONTH(DATE(LEFT($A$1,4),MID($A$1,5,2),RIGHT($A$1,2))-4))*(DAY(正負盤!$4:$4)=DAY(DATE(LEFT($A$1,4),MID($A$1,5,2),RIGHT($A$1,2))-4)), 0)), 0, "-"), "")} | S17: {=IFERROR(SUBSTITUTE(INDEX(正負盤!$6:$20, ROW(A14), MATCH(1, (MONTH(正負盤!$4:$4)=MONTH(DATE(LEFT($A$1,4),MID($A$1,5,2),RIGHT($A$1,2))-3))*(DAY(正負盤!$4:$4)=DAY(DATE(LEFT($A$1,4),MID($A$1,5,2),RIGHT($A$1,2))-3)), 0)), 0, "-"), "")} -> O | T17: {=IFERROR(SUBSTITUTE(INDEX(正負盤!$6:$20, ROW(A14), MATCH(1, (MONTH(正負盤!$4:$4)=MONTH(DATE(LEFT($A$1,4),MID($A$1,5,2),RIGHT($A$1,2))-2))*(DAY(正負盤!$4:$4)=DAY(DATE(LEFT($A$1,4),MID($A$1,5,2),RIGHT($A$1,2))-2)), 0)), 0, "-"), "")} -> X | U17: {=IFERROR(SUBSTITUTE(INDEX(正負盤!$6:$20, ROW(A14), MATCH(1, (MONTH(正負盤!$4:$4)=MONTH(DATE(LEFT($A$1,4),MID($A$1,5,2),RIGHT($A$1,2))-1))*(DAY(正負盤!$4:$4)=DAY(DATE(LEFT($A$1,4),MID($A$1,5,2),RIGHT($A$1,2))-1)), 0)), 0, "-"), "")} -> O | W17: =I10 -> 道奇 | X17: {=_xlfn.LET(_xlpm.s,SUBSTITUTE(Y17,".",""),_xlpm.c,RIGHT(_xlpm.s,1),_xlpm.n,ROW(INDIRECT("1:"&LEN(_xlpm.s))),_xlpm.cnt,MAX(IF(RIGHT(_xlpm.s,_xlpm.n)=REPT(_xlpm.c,_xlpm.n),_xlpm.n,0)),IF(_xlpm.cnt>=2,_xlpm.cnt&"連"&_xlpm.c,"1"&_xlpm.c))} -> 2連O | Y17: {=INDEX(各隊正負!$F:$F, MATCH("*"&$W17&"*", 各隊正負!$A:$A, 0)+6)} -> O.O.X.X.O.X.O.X.O.O | AB17: {=INDEX(各隊正負!$F:$F, MATCH("*"&$W17&"*", 各隊正負!$A:$A, 0)+4)} -> W.W.L.L.W.L.W.L.W.W | AE17: {=_xlfn.LET(_xlpm.s,SUBSTITUTE(AB17,".",""),_xlpm.c,RIGHT(_xlpm.s,1),_xlpm.n,ROW(INDIRECT("1:"&LEN(_xlpm.s))),_xlpm.cnt,MAX(IF(RIGHT(_xlpm.s,_xlpm.n)=REPT(_xlpm.c,_xlpm.n),_xlpm.n,0)),_xlpm.suffix,IF(_xlpm.c="W","勝","敗"),IF(_xlpm.cnt>=2,_xlpm.cnt&"連"&_xlpm.suffix,"1"&_xlpm.suffix))} -> 2連勝 | AF17: =I10 -> 道奇 | AG17: {=IFERROR(INDEX(各隊total!$B:$AB, MATCH($AF17, 各隊total!$A:$A, 0), COLUMN(A16)), "")} -> 28 | AH17: =CB33 -> 6.55 | AI17: =VLOOKUP(AH17*1, BV$15:BX$25, 3, TRUE) -> S | AJ17: =CC33 -> 7.6 | AK17: =VLOOKUP(AJ17*1, BY$15:CA$25, 3, TRUE) -> S+ | AL17: {=IFERROR(INDEX(各隊total!$C:$AB, MATCH($AF17, 各隊total!$A:$A, 0), COLUMN(A16)), "")} -> 949 | AM17: {=IFERROR(INDEX(各隊total!$D:$AB, MATCH($AF17, 各隊total!$A:$A, 0), COLUMN(A16)), "")} -> 159 | AN17: {=IFERROR(INDEX(各隊total!$E:$AB, MATCH($AF17, 各隊total!$A:$A, 0), COLUMN(A16)), "")} -> 264 | AO17: {=IFERROR(INDEX(各隊total!$F:$AB, MATCH($AF17, 各隊total!$A:$A, 0), COLUMN(A16)), "")} -> 48 | AP17: {=IFERROR(INDEX(各隊total!$G:$AB, MATCH($AF17, 各隊total!$A:$A, 0), COLUMN(A16)), "")} -> 1 | AQ17: {=IFERROR(INDEX(各隊total!$H:$AB, MATCH($AF17, 各隊total!$A:$A, 0), COLUMN(A16)), "")} -> 45 | AR17: {=IFERROR(INDEX(各隊total!$I:$AB, MATCH($AF17, 各隊total!$A:$A, 0), COLUMN(A16)), "")} -> 151 | AS17: {=IFERROR(INDEX(各隊total!$J:$AB, MATCH($AF17, 各隊total!$A:$A, 0), COLUMN(A16)), "")} -> 449 | AT17: {=IFERROR(INDEX(各隊total!$K:$AB, MATCH($AF17, 各隊total!$A:$A, 0), COLUMN(A16)), "")} -> 109 | AU17: {=IFERROR(INDEX(各隊total!$L:$AB, MATCH($AF17, 各隊total!$A:$A, 0), COLUMN(A16)), "")} -> 233 | AV17: {=IFERROR(INDEX(各隊total!$M:$AB, MATCH($AF17, 各隊total!$A:$A, 0), COLUMN(A16)), "")} -> 16 | AW17: {=IFERROR(INDEX(各隊total!$N:$AB, MATCH($AF17, 各隊total!$A:$A, 0), COLUMN(A16)), "")} -> .278 | AX17: {=IFERROR(INDEX(各隊total!$O:$AB, MATCH($AF17, 各隊total!$A:$A, 0), COLUMN(A16)), "")} -> .355 | AY17: {=IFERROR(INDEX(各隊total!$P:$AB, MATCH($AF17, 各隊total!$A:$A, 0), COLUMN(A16)), "")} -> .473 | AZ17: {=IFERROR(INDEX(各隊total!$Q:$AB, MATCH($AF17, 各隊total!$A:$A, 0), COLUMN(A16)), "")} -> .828 | BA17: {=IFERROR(INDEX(各隊total!$R:$AB, MATCH($AF17, 各隊total!$A:$A, 0), COLUMN(A16)), "")} -> 0 | BB17: {=IFERROR(INDEX(各隊total!$S:$AB, MATCH($AF17, 各隊total!$A:$A, 0), COLUMN(A16)), "")} -> 159.7 | BC17: {=IFERROR(INDEX(各隊total!$T:$AB, MATCH($AF17, 各隊total!$A:$A, 0), COLUMN(A16)), "")} -> 6.0 | BD17: {=IFERROR(INDEX(各隊total!$U:$AB, MATCH($AF17, 各隊total!$A:$A, 0), COLUMN(A16)), "")} -> .101 | BE17: {=IFERROR(INDEX(各隊total!$V:$AB, MATCH($AF17, 各隊total!$A:$A, 0), COLUMN(A16)), "")} -> 0.47 | BF17: {=IFERROR(INDEX(各隊total!$W:$AB, MATCH($AF17, 各隊total!$A:$A, 0), COLUMN(A16)), "")} -> .195 | BG17: {=IFERROR(INDEX(各隊total!$X:$AB, MATCH($AF17, 各隊total!$A:$A, 0), COLUMN(A16)), "")} -> .322 | BH17: {=IFERROR(INDEX(各隊total!$Y:$AB, MATCH($AF17, 各隊total!$A:$A, 0), COLUMN(A16)), "")} -> 3.95 | BI17: {=IFERROR(INDEX(各隊total!$Z:$AB, MATCH($AF17, 各隊total!$A:$A, 0), COLUMN(A16)), "")} -> 94 | BJ17: {=IFERROR(INDEX(各隊total!$AA:$AB, MATCH($AF17, 各隊total!$A:$A, 0), COLUMN(A16)), "")} -> 1082 | BK17: {=IFERROR(INDEX(各隊total!$AB:$AB, MATCH($AF17, 各隊total!$A:$A, 0), COLUMN(A16)), "")} -> 21.1 | BL17: {=IFERROR(INDEX(各隊total!$C:$AB, MATCH($AF17, 各隊total!$A:$A, 0), COLUMN(AA16)), "")} | BM17: 0.71 | BN17: 0.85 | BO17: 2 | BP17: 0.23 | BQ17: 0.28 | BR17: 2 | BS17: 0.36 | BT17: 0.45 | BU17: 2 | BV17: 3.01 | BW17: 3.5 | BX17: C+ | BY17: 2.51 | BZ17: 3.5 | CA17: C+ | CB17: =CF17+CJ17+CK17+CM17+CO17+CP17+CQ17+CR17 -> 4.45 | CC17: =CU17+CV17+CY17+CZ17+DA17 -> 5.15 | CF17: =VLOOKUP(ROUND(CF16/CD16, 2), $BV$2:$BX$12, 3, TRUE)*BX$1 -> 0.75 | CJ17: =VLOOKUP(ROUND(CJ16/CD16, 2), $BM$15:$BO$25, 3, TRUE)*BO$14 -> 0.5 | CK17: =VLOOKUP(ROUND(CK16/CD16, 2), $BY$2:$CA$12, 3, TRUE)*CA$1 -> 0.5 | CM17: =VLOOKUP(ROUND(CM16/CN16, 2), $BP$15:$BR$25, 3, TRUE)*BR$14 -> 0.6 | CO17: =VLOOKUP(ROUND(CO16/CD16, 2), $BS$15:$BU$25, 3, TRUE)*BU$14 -> 0.2 | CP17: =VLOOKUP(CP16*1, BM$2:BO$12, 3, TRUE)*BO$1 -> 0.3 | CQ17: =VLOOKUP(CQ16*1, BP$2:BR$12, 3, TRUE)*BR$1 -> 1 | CR17: =VLOOKUP(CR16*1, BS$2:BU$12, 3, TRUE)*BU$1 -> 0.6 | CU17: =VLOOKUP(CU16*1, BM$28:BO$38, 3, TRUE)*BO$27 -> 0.8 | CV17: =VLOOKUP(CV16*1, BP$28:BR$38, 3, TRUE)*BR$27 -> 1.4 | CY17: =VLOOKUP(CY16*1, BS$28:BU$38, 3, TRUE)*BU$27 -> 0.8 | CZ17: =VLOOKUP(CZ16*1, BV$28:BX$38, 3, TRUE)*BX$27 -> 0.75 | DA17: =VLOOKUP(DA16*1, BY$28:CA$38, 3, TRUE)*CA$27 -> 1.4 | DH17: =DJ17+DL17+DM17+DN17+DO17-DP17-DQ17+DR17 -> 1.95 | DI17: =DU17+DX17+EA17+ED17+EE17+EF17 -> 5 | DJ17: =VLOOKUP(DJ16*1, FK$2:FM$12, 3, TRUE)*FM$1 -> 0.25 | DL17: =VLOOKUP(DL16*1, FN$2:FP$12, 3, TRUE)*FP$1 -> 0.6 | DM17: =VLOOKUP(DM16*1, FQ$2:FS$12, 3, TRUE)*FS$1 -> 0 | DN17: =VLOOKUP(DN16*1, FT$2:FV$12, 3, TRUE)*FV$1 -> 0.4 | DO17: =VLOOKUP(DO16*1, FW$2:FY$12, 3, TRUE)*FY$1 -> 0.5 | DP17: =VLOOKUP(DP16*1, FK$14:FM$25, 3, TRUE)*FM$14 -> 1 | DQ17: =VLOOKUP(DQ16*1, FN$14:FP$25, 3, TRUE)*FP$14 -> 0.3 | DR17: =VLOOKUP(DR16*1, FQ$14:FS$25, 3, TRUE)*FS$14 -> 1.5 | DU17: =VLOOKUP(DU16*1, FK$27:FM$38, 3, TRUE)*FM$27 -> 0 | DX17: =VLOOKUP(DX16*1, FN$27:FP$38, 3, TRUE)*FP$27 -> 0 | EA17: =VLOOKUP(EA16*1, FQ$27:FS$38, 3, TRUE)*FS$27 -> 0 | ED17: =VLOOKUP(ED16*1, FT$27:FV$38, 3, TRUE)*FV$27 -> 0 | EE17: =VLOOKUP(EE16*1, FW$27:FY$38, 3, TRUE)*FY$27 -> 1.5 | EF17: =VLOOKUP(EF16*1, FK$40:FM$51, 3, TRUE)*FM$40 -> 3.5 | EK17: =EM17+EO17+EP17+EQ17+ER17-ES17-ET17+EU17 -> 1.05 | EL17: =EX17+FA17+FD17+FG17+FH17+FI17 -> #N/A | EM17: =VLOOKUP(EM16*1, $FK$2:$FM$12, 3, TRUE)*$FM$1 -> 0.5 | EO17: =VLOOKUP(EO16*1, $FN$2:$FP$12, 3, TRUE)*$FP$1 -> 0.45 | EP17: =VLOOKUP(EP16*1, $FQ$2:$FS$12, 3, TRUE)*$FS$1 -> 0 | EQ17: =VLOOKUP(EQ16*1, $FT$2:$FV$12, 3, TRUE)*$FV$1 -> 0 | ER17: =VLOOKUP(ER16*1, $FW$2:$FY$12, 3, TRUE)*$FY$1 -> 0.5 | ES17: =VLOOKUP(ES16*1, $FK$14:$FM$25, 3, TRUE)*$FM$14 -> 1 | ET17: =VLOOKUP(ET16*1, $FN$14:$FP$25, 3, TRUE)*$FP$14 -> 0.9 | EU17: =VLOOKUP(EU16*1, $FQ$14:$FS$25, 3, TRUE)*$FS$14 -> 1.5 | EX17: =VLOOKUP(EX16*1, $FK$27:$FM$38, 3, TRUE)*$FM$27 -> 0 | FA17: =VLOOKUP(FA16*1, $FN$27:$FP$38, 3, TRUE)*$FP$27 -> #N/A | FD17: =VLOOKUP(FD16*1, $FQ$27:$FS$38, 3, TRUE)*$FS$27 -> 0 | FG17: =VLOOKUP(FG16*1, $FT$27:$FV$38, 3, TRUE)*$FV$27 -> 0 | FH17: =VLOOKUP(FH16*1, $FW$27:$FY$38, 3, TRUE)*$FY$27 -> 1.5 | FI17: =VLOOKUP(FI16*1, $FK$40:$FM$51, 3, TRUE)*$FM$40 -> 3.5 | FK17: 0.91 | FL17: 1.2 | FM17: 2 | FN17: 1.41 | FO17: 1.7 | FP17: 2 | FQ17: 1.11 | FR17: 1.4 | FS17: 2
A18: 16 | L18: {=IFERROR(SUBSTITUTE(INDEX(正負盤!$6:$20, ROW(A15), MATCH(1, (MONTH(正負盤!$4:$4)=MONTH(DATE(LEFT($A$1,4),MID($A$1,5,2),RIGHT($A$1,2))-10))*(DAY(正負盤!$4:$4)=DAY(DATE(LEFT($A$1,4),MID($A$1,5,2),RIGHT($A$1,2))-10)), 0)), 0, "-"), "")} -> X | M18: {=IFERROR(SUBSTITUTE(INDEX(正負盤!$6:$20, ROW(A15), MATCH(1, (MONTH(正負盤!$4:$4)=MONTH(DATE(LEFT($A$1,4),MID($A$1,5,2),RIGHT($A$1,2))-9))*(DAY(正負盤!$4:$4)=DAY(DATE(LEFT($A$1,4),MID($A$1,5,2),RIGHT($A$1,2))-9)), 0)), 0, "-"), "")} -> O | N18: {=IFERROR(SUBSTITUTE(INDEX(正負盤!$6:$20, ROW(A15), MATCH(1, (MONTH(正負盤!$4:$4)=MONTH(DATE(LEFT($A$1,4),MID($A$1,5,2),RIGHT($A$1,2))-8))*(DAY(正負盤!$4:$4)=DAY(DATE(LEFT($A$1,4),MID($A$1,5,2),RIGHT($A$1,2))-8)), 0)), 0, "-"), "")} -> O | O18: {=IFERROR(SUBSTITUTE(INDEX(正負盤!$6:$20, ROW(A15), MATCH(1, (MONTH(正負盤!$4:$4)=MONTH(DATE(LEFT($A$1,4),MID($A$1,5,2),RIGHT($A$1,2))-7))*(DAY(正負盤!$4:$4)=DAY(DATE(LEFT($A$1,4),MID($A$1,5,2),RIGHT($A$1,2))-7)), 0)), 0, "-"), "")} | P18: {=IFERROR(SUBSTITUTE(INDEX(正負盤!$6:$20, ROW(A15), MATCH(1, (MONTH(正負盤!$4:$4)=MONTH(DATE(LEFT($A$1,4),MID($A$1,5,2),RIGHT($A$1,2))-6))*(DAY(正負盤!$4:$4)=DAY(DATE(LEFT($A$1,4),MID($A$1,5,2),RIGHT($A$1,2))-6)), 0)), 0, "-"), "")} -> X | Q18: {=IFERROR(SUBSTITUTE(INDEX(正負盤!$6:$20, ROW(A15), MATCH(1, (MONTH(正負盤!$4:$4)=MONTH(DATE(LEFT($A$1,4),MID($A$1,5,2),RIGHT($A$1,2))-5))*(DAY(正負盤!$4:$4)=DAY(DATE(LEFT($A$1,4),MID($A$1,5,2),RIGHT($A$1,2))-5)), 0)), 0, "-"), "")} | R18: {=IFERROR(SUBSTITUTE(INDEX(正負盤!$6:$20, ROW(A15), MATCH(1, (MONTH(正負盤!$4:$4)=MONTH(DATE(LEFT($A$1,4),MID($A$1,5,2),RIGHT($A$1,2))-4))*(DAY(正負盤!$4:$4)=DAY(DATE(LEFT($A$1,4),MID($A$1,5,2),RIGHT($A$1,2))-4)), 0)), 0, "-"), "")} | S18: {=IFERROR(SUBSTITUTE(INDEX(正負盤!$6:$20, ROW(A15), MATCH(1, (MONTH(正負盤!$4:$4)=MONTH(DATE(LEFT($A$1,4),MID($A$1,5,2),RIGHT($A$1,2))-3))*(DAY(正負盤!$4:$4)=DAY(DATE(LEFT($A$1,4),MID($A$1,5,2),RIGHT($A$1,2))-3)), 0)), 0, "-"), "")} | T18: {=IFERROR(SUBSTITUTE(INDEX(正負盤!$6:$20, ROW(A15), MATCH(1, (MONTH(正負盤!$4:$4)=MONTH(DATE(LEFT($A$1,4),MID($A$1,5,2),RIGHT($A$1,2))-2))*(DAY(正負盤!$4:$4)=DAY(DATE(LEFT($A$1,4),MID($A$1,5,2),RIGHT($A$1,2))-2)), 0)), 0, "-"), "")} -> X | U18: {=IFERROR(SUBSTITUTE(INDEX(正負盤!$6:$20, ROW(A15), MATCH(1, (MONTH(正負盤!$4:$4)=MONTH(DATE(LEFT($A$1,4),MID($A$1,5,2),RIGHT($A$1,2))-1))*(DAY(正負盤!$4:$4)=DAY(DATE(LEFT($A$1,4),MID($A$1,5,2),RIGHT($A$1,2))-1)), 0)), 0, "-"), "")} -> O | V18: =C11 -> #N/A | W18: =E11 -> #N/A | X18: {=_xlfn.LET(_xlpm.s,SUBSTITUTE(Y18,".",""),_xlpm.c,RIGHT(_xlpm.s,1),_xlpm.n,ROW(INDIRECT("1:"&LEN(_xlpm.s))),_xlpm.cnt,MAX(IF(RIGHT(_xlpm.s,_xlpm.n)=REPT(_xlpm.c,_xlpm.n),_xlpm.n,0)),IF(_xlpm.cnt>=2,_xlpm.cnt&"連"&_xlpm.c,"1"&_xlpm.c))} -> #N/A | Y18: {=INDEX(各隊正負!$F:$F, MATCH("*"&$W18&"*", 各隊正負!$A:$A, 0)+6)} -> #N/A | AB18: {=INDEX(各隊正負!$F:$F, MATCH("*"&$W18&"*", 各隊正負!$A:$A, 0)+4)} -> #N/A | AE18: {=_xlfn.LET(_xlpm.s,SUBSTITUTE(AB18,".",""),_xlpm.c,RIGHT(_xlpm.s,1),_xlpm.n,ROW(INDIRECT("1:"&LEN(_xlpm.s))),_xlpm.cnt,MAX(IF(RIGHT(_xlpm.s,_xlpm.n)=REPT(_xlpm.c,_xlpm.n),_xlpm.n,0)),_xlpm.suffix,IF(_xlpm.c="W","勝","敗"),IF(_xlpm.cnt>=2,_xlpm.cnt&"連"&_xlpm.suffix,"1"&_xlpm.suffix))} -> #N/A | AF18: =E11 -> #N/A | AG18: {=IFERROR(INDEX(各隊total!$B:$AB, MATCH($AF18, 各隊total!$A:$A, 0), COLUMN(A17)), "")} | AH18: =CB35 -> #VALUE! | AI18: =VLOOKUP(AH18*1, BV$15:BX$25, 3, TRUE) -> #VALUE! | AJ18: =CC35 -> #VALUE! | AK18: =VLOOKUP(AJ18*1, BY$15:CA$25, 3, TRUE) -> #VALUE! | AL18: {=IFERROR(INDEX(各隊total!$C:$AB, MATCH($AF18, 各隊total!$A:$A, 0), COLUMN(A17)), "")} | AM18: {=IFERROR(INDEX(各隊total!$D:$AB, MATCH($AF18, 各隊total!$A:$A, 0), COLUMN(A17)), "")} | AN18: {=IFERROR(INDEX(各隊total!$E:$AB, MATCH($AF18, 各隊total!$A:$A, 0), COLUMN(A17)), "")} | AO18: {=IFERROR(INDEX(各隊total!$F:$AB, MATCH($AF18, 各隊total!$A:$A, 0), COLUMN(A17)), "")} | AP18: {=IFERROR(INDEX(各隊total!$G:$AB, MATCH($AF18, 各隊total!$A:$A, 0), COLUMN(A17)), "")} | AQ18: {=IFERROR(INDEX(各隊total!$H:$AB, MATCH($AF18, 各隊total!$A:$A, 0), COLUMN(A17)), "")} | AR18: {=IFERROR(INDEX(各隊total!$I:$AB, MATCH($AF18, 各隊total!$A:$A, 0), COLUMN(A17)), "")} | AS18: {=IFERROR(INDEX(各隊total!$J:$AB, MATCH($AF18, 各隊total!$A:$A, 0), COLUMN(A17)), "")} | AT18: {=IFERROR(INDEX(各隊total!$K:$AB, MATCH($AF18, 各隊total!$A:$A, 0), COLUMN(A17)), "")} | AU18: {=IFERROR(INDEX(各隊total!$L:$AB, MATCH($AF18, 各隊total!$A:$A, 0), COLUMN(A17)), "")} | AV18: {=IFERROR(INDEX(各隊total!$M:$AB, MATCH($AF18, 各隊total!$A:$A, 0), COLUMN(A17)), "")} | AW18: {=IFERROR(INDEX(各隊total!$N:$AB, MATCH($AF18, 各隊total!$A:$A, 0), COLUMN(A17)), "")} | AX18: {=IFERROR(INDEX(各隊total!$O:$AB, MATCH($AF18, 各隊total!$A:$A, 0), COLUMN(A17)), "")} | AY18: {=IFERROR(INDEX(各隊total!$P:$AB, MATCH($AF18, 各隊total!$A:$A, 0), COLUMN(A17)), "")} | AZ18: {=IFERROR(INDEX(各隊total!$Q:$AB, MATCH($AF18, 各隊total!$A:$A, 0), COLUMN(A17)), "")} | BA18: {=IFERROR(INDEX(各隊total!$R:$AB, MATCH($AF18, 各隊total!$A:$A, 0), COLUMN(A17)), "")} | BB18: {=IFERROR(INDEX(各隊total!$S:$AB, MATCH($AF18, 各隊total!$A:$A, 0), COLUMN(A17)), "")} | BC18: {=IFERROR(INDEX(各隊total!$T:$AB, MATCH($AF18, 各隊total!$A:$A, 0), COLUMN(A17)), "")} | BD18: {=IFERROR(INDEX(各隊total!$U:$AB, MATCH($AF18, 各隊total!$A:$A, 0), COLUMN(A17)), "")} | BE18: {=IFERROR(INDEX(各隊total!$V:$AB, MATCH($AF18, 各隊total!$A:$A, 0), COLUMN(A17)), "")} | BF18: {=IFERROR(INDEX(各隊total!$W:$AB, MATCH($AF18, 各隊total!$A:$A, 0), COLUMN(A17)), "")} | BG18: {=IFERROR(INDEX(各隊total!$X:$AB, MATCH($AF18, 各隊total!$A:$A, 0), COLUMN(A17)), "")} | BH18: {=IFERROR(INDEX(各隊total!$Y:$AB, MATCH($AF18, 各隊total!$A:$A, 0), COLUMN(A17)), "")} | BI18: {=IFERROR(INDEX(各隊total!$Z:$AB, MATCH($AF18, 各隊total!$A:$A, 0), COLUMN(A17)), "")} | BJ18: {=IFERROR(INDEX(各隊total!$AA:$AB, MATCH($AF18, 各隊total!$A:$A, 0), COLUMN(A17)), "")} | BK18: {=IFERROR(INDEX(各隊total!$AB:$AB, MATCH($AF18, 各隊total!$A:$A, 0), COLUMN(A17)), "")} | BL18: {=IFERROR(INDEX(各隊total!$C:$AB, MATCH($AF18, 各隊total!$A:$A, 0), COLUMN(AA17)), "")} | BM18: 0.86 | BN18: 1 | BO18: 3 | BP18: 0.29 | BQ18: 0.34 | BR18: 3 | BS18: 0.46 | BT18: 0.55 | BU18: 3 | BV18: 3.51 | BW18: 4 | BX18: B- | BY18: 3.51 | BZ18: 4 | CA18: B- | CB18: =AF10 -> 天使 | CD18: =AG10 -> 29 | CE18: =AL10 -> 964 | CF18: =AM10 -> 139 | CG18: =AN10 -> 224 | CH18: =AO10 -> 38 | CI18: =AP10 -> 2 | CJ18: =AQ10 -> 38 | CK18: =AR10 -> 133 | CL18: =AS10 -> 380 | ... DD18: =BK10 -> 25.4 | DF18: =先發名單!O$2 -> Taylor Walls | DG18: {=IFERROR(INDEX(球員狀態!$C$2:$C$5000, MATCH(1, (球員狀態!$A$2:$A$5000=$DF$1)*(ISNUMBER(SEARCH($DF18, 球員狀態!$B$2:$B$5000))), 0)), "")} -> SS | DJ18: {=IFERROR(INDEX(球員狀態!$F$2:$F$5000, MATCH(1, (球員狀態!$A$2:$A$5000=$DF$1)*(ISNUMBER(SEARCH($DF18, 球員狀態!$B$2:$B$5000))), 0)), "")} -> 8 | DK18: {=IFERROR(INDEX(球員狀態!$G$2:$G$5000, MATCH(1, (球員狀態!$A$2:$A$5000=$DF$1)*(ISNUMBER(SEARCH($DF18, 球員狀態!$B$2:$B$5000))), 0)), "")} -> 11 | DL18: {=IFERROR(INDEX(球員狀態!H$2:H$5000, MATCH(1, (球員狀態!$A$2:$A$5000=$DF$1)*(ISNUMBER(SEARCH($DF18, 球員狀態!$B$2:$B$5000))), 0)), "")} -> 2 | DM18: {=IFERROR(INDEX(球員狀態!I$2:I$5000, MATCH(1, (球員狀態!$A$2:$A$5000=$DF$1)*(ISNUMBER(SEARCH($DF18, 球員狀態!$B$2:$B$5000))), 0)), "")} -> 0 | DN18: {=IFERROR(INDEX(球員狀態!J$2:J$5000, MATCH(1, (球員狀態!$A$2:$A$5000=$DF$1)*(ISNUMBER(SEARCH($DF18, 球員狀態!$B$2:$B$5000))), 0)), "")} -> 0 | DO18: {=IFERROR(INDEX(球員狀態!K$2:K$5000, MATCH(1, (球員狀態!$A$2:$A$5000=$DF$1)*(ISNUMBER(SEARCH($DF18, 球員狀態!$B$2:$B$5000))), 0)), "")} -> 4 | DP18: {=IFERROR(INDEX(球員狀態!L$2:L$5000, MATCH(1, (球員狀態!$A$2:$A$5000=$DF$1)*(ISNUMBER(SEARCH($DF18, 球員狀態!$B$2:$B$5000))), 0)), "")} -> 13 | DQ18: {=IFERROR(INDEX(球員狀態!M$2:M$5000, MATCH(1, (球員狀態!$A$2:$A$5000=$DF$1)*(ISNUMBER(SEARCH($DF18, 球員狀態!$B$2:$B$5000))), 0)), "")} -> 4 | DR18: {=IFERROR(INDEX(球員狀態!N$2:N$5000, MATCH(1, (球員狀態!$A$2:$A$5000=$DF$1)*(ISNUMBER(SEARCH($DF18, 球員狀態!$B$2:$B$5000))), 0)), "")} -> 16 | DS18: {=IFERROR(INDEX(球員狀態!O$2:O$5000, MATCH(1, (球員狀態!$A$2:$A$5000=$DF$1)*(ISNUMBER(SEARCH($DF18, 球員狀態!$B$2:$B$5000))), 0)), "")} -> 3 | ... EF18: {=IFERROR(INDEX(球員狀態!AB$2:AB$5000, MATCH(1, (球員狀態!$A$2:$A$5000=$DF$1)*(ISNUMBER(SEARCH($DF18, 球員狀態!$B$2:$B$5000))), 0)), "")} -> 2 | EI18: =先發名單!W$2 -> A. Hedges | EJ18: {=IFERROR(INDEX(球員狀態!$C$2:$C$5000, MATCH(1, (球員狀態!$A$2:$A$5000=$EI$1)*(ISNUMBER(SEARCH($EI18, 球員狀態!$B$2:$B$5000))), 0)), "")} | EM18: {=IFERROR(INDEX(球員狀態!F$2:F$5000, MATCH(1, (球員狀態!$A$2:$A$5000=$EI$1)*(ISNUMBER(SEARCH($EI18, 球員狀態!$B$2:$B$5000))), 0)), "")} | EN18: {=IFERROR(INDEX(球員狀態!G$2:G$5000, MATCH(1, (球員狀態!$A$2:$A$5000=$EI$1)*(ISNUMBER(SEARCH($EI18, 球員狀態!$B$2:$B$5000))), 0)), "")} | EO18: {=IFERROR(INDEX(球員狀態!H$2:H$5000, MATCH(1, (球員狀態!$A$2:$A$5000=$EI$1)*(ISNUMBER(SEARCH($EI18, 球員狀態!$B$2:$B$5000))), 0)), "")} | EP18: {=IFERROR(INDEX(球員狀態!I$2:I$5000, MATCH(1, (球員狀態!$A$2:$A$5000=$EI$1)*(ISNUMBER(SEARCH($EI18, 球員狀態!$B$2:$B$5000))), 0)), "")} | EQ18: {=IFERROR(INDEX(球員狀態!J$2:J$5000, MATCH(1, (球員狀態!$A$2:$A$5000=$EI$1)*(ISNUMBER(SEARCH($EI18, 球員狀態!$B$2:$B$5000))), 0)), "")} | ER18: {=IFERROR(INDEX(球員狀態!K$2:K$5000, MATCH(1, (球員狀態!$A$2:$A$5000=$EI$1)*(ISNUMBER(SEARCH($EI18, 球員狀態!$B$2:$B$5000))), 0)), "")} | ES18: {=IFERROR(INDEX(球員狀態!L$2:L$5000, MATCH(1, (球員狀態!$A$2:$A$5000=$EI$1)*(ISNUMBER(SEARCH($EI18, 球員狀態!$B$2:$B$5000))), 0)), "")} | ET18: {=IFERROR(INDEX(球員狀態!M$2:M$5000, MATCH(1, (球員狀態!$A$2:$A$5000=$EI$1)*(ISNUMBER(SEARCH($EI18, 球員狀態!$B$2:$B$5000))), 0)), "")} | ... FI18: {=IFERROR(INDEX(球員狀態!AB$2:AB$5000, MATCH(1, (球員狀態!$A$2:$A$5000=$EI$1)*(ISNUMBER(SEARCH($EI18, 球員狀態!$B$2:$B$5000))), 0)), "")} | FK18: 1.21 | FL18: 1.5 | FM18: 3 | FN18: 1.71 | FO18: 2 | FP18: 3 | FQ18: 1.41 | FR18: 1.7 | FS18: 3
T19: {=IFERROR(SUBSTITUTE(INDEX(正負盤!$6:$20, ROW(A16), MATCH(1, (MONTH(正負盤!$4:$4)=MONTH(DATE(LEFT($A$1,4),MID($A$1,5,2),RIGHT($A$1,2))-2))*(DAY(正負盤!$4:$4)=DAY(DATE(LEFT($A$1,4),MID($A$1,5,2),RIGHT($A$1,2))-2)), 0)), 0, "-"), "")} | W19: =I11 -> #N/A | X19: {=_xlfn.LET(_xlpm.s,SUBSTITUTE(Y19,".",""),_xlpm.c,RIGHT(_xlpm.s,1),_xlpm.n,ROW(INDIRECT("1:"&LEN(_xlpm.s))),_xlpm.cnt,MAX(IF(RIGHT(_xlpm.s,_xlpm.n)=REPT(_xlpm.c,_xlpm.n),_xlpm.n,0)),IF(_xlpm.cnt>=2,_xlpm.cnt&"連"&_xlpm.c,"1"&_xlpm.c))} -> #N/A | Y19: {=INDEX(各隊正負!$F:$F, MATCH("*"&$W19&"*", 各隊正負!$A:$A, 0)+6)} -> #N/A | AB19: {=INDEX(各隊正負!$F:$F, MATCH("*"&$W19&"*", 各隊正負!$A:$A, 0)+4)} -> #N/A | AE19: {=_xlfn.LET(_xlpm.s,SUBSTITUTE(AB19,".",""),_xlpm.c,RIGHT(_xlpm.s,1),_xlpm.n,ROW(INDIRECT("1:"&LEN(_xlpm.s))),_xlpm.cnt,MAX(IF(RIGHT(_xlpm.s,_xlpm.n)=REPT(_xlpm.c,_xlpm.n),_xlpm.n,0)),_xlpm.suffix,IF(_xlpm.c="W","勝","敗"),IF(_xlpm.cnt>=2,_xlpm.cnt&"連"&_xlpm.suffix,"1"&_xlpm.suffix))} -> #N/A | AF19: =I11 -> #N/A | AG19: {=IFERROR(INDEX(各隊total!$B:$AB, MATCH($AF19, 各隊total!$A:$A, 0), COLUMN(A18)), "")} | AH19: =CB37 -> #VALUE! | AI19: =VLOOKUP(AH19*1, BV$15:BX$25, 3, TRUE) -> #VALUE! | AJ19: =CC37 -> #VALUE! | AK19: =VLOOKUP(AJ19*1, BY$15:CA$25, 3, TRUE) -> #VALUE! | AL19: {=IFERROR(INDEX(各隊total!$C:$AB, MATCH($AF19, 各隊total!$A:$A, 0), COLUMN(A18)), "")} | AM19: {=IFERROR(INDEX(各隊total!$D:$AB, MATCH($AF19, 各隊total!$A:$A, 0), COLUMN(A18)), "")} | AN19: {=IFERROR(INDEX(各隊total!$E:$AB, MATCH($AF19, 各隊total!$A:$A, 0), COLUMN(A18)), "")} | AO19: {=IFERROR(INDEX(各隊total!$F:$AB, MATCH($AF19, 各隊total!$A:$A, 0), COLUMN(A18)), "")} | AP19: {=IFERROR(INDEX(各隊total!$G:$AB, MATCH($AF19, 各隊total!$A:$A, 0), COLUMN(A18)), "")} | AQ19: {=IFERROR(INDEX(各隊total!$H:$AB, MATCH($AF19, 各隊total!$A:$A, 0), COLUMN(A18)), "")} | AR19: {=IFERROR(INDEX(各隊total!$I:$AB, MATCH($AF19, 各隊total!$A:$A, 0), COLUMN(A18)), "")} | AS19: {=IFERROR(INDEX(各隊total!$J:$AB, MATCH($AF19, 各隊total!$A:$A, 0), COLUMN(A18)), "")} | AT19: {=IFERROR(INDEX(各隊total!$K:$AB, MATCH($AF19, 各隊total!$A:$A, 0), COLUMN(A18)), "")} | AU19: {=IFERROR(INDEX(各隊total!$L:$AB, MATCH($AF19, 各隊total!$A:$A, 0), COLUMN(A18)), "")} | AV19: {=IFERROR(INDEX(各隊total!$M:$AB, MATCH($AF19, 各隊total!$A:$A, 0), COLUMN(A18)), "")} | AW19: {=IFERROR(INDEX(各隊total!$N:$AB, MATCH($AF19, 各隊total!$A:$A, 0), COLUMN(A18)), "")} | AX19: {=IFERROR(INDEX(各隊total!$O:$AB, MATCH($AF19, 各隊total!$A:$A, 0), COLUMN(A18)), "")} | AY19: {=IFERROR(INDEX(各隊total!$P:$AB, MATCH($AF19, 各隊total!$A:$A, 0), COLUMN(A18)), "")} | AZ19: {=IFERROR(INDEX(各隊total!$Q:$AB, MATCH($AF19, 各隊total!$A:$A, 0), COLUMN(A18)), "")} | BA19: {=IFERROR(INDEX(各隊total!$R:$AB, MATCH($AF19, 各隊total!$A:$A, 0), COLUMN(A18)), "")} | BB19: {=IFERROR(INDEX(各隊total!$S:$AB, MATCH($AF19, 各隊total!$A:$A, 0), COLUMN(A18)), "")} | BC19: {=IFERROR(INDEX(各隊total!$T:$AB, MATCH($AF19, 各隊total!$A:$A, 0), COLUMN(A18)), "")} | BD19: {=IFERROR(INDEX(各隊total!$U:$AB, MATCH($AF19, 各隊total!$A:$A, 0), COLUMN(A18)), "")} | BE19: {=IFERROR(INDEX(各隊total!$V:$AB, MATCH($AF19, 各隊total!$A:$A, 0), COLUMN(A18)), "")} | BF19: {=IFERROR(INDEX(各隊total!$W:$AB, MATCH($AF19, 各隊total!$A:$A, 0), COLUMN(A18)), "")} | BG19: {=IFERROR(INDEX(各隊total!$X:$AB, MATCH($AF19, 各隊total!$A:$A, 0), COLUMN(A18)), "")} | BH19: {=IFERROR(INDEX(各隊total!$Y:$AB, MATCH($AF19, 各隊total!$A:$A, 0), COLUMN(A18)), "")} | BI19: {=IFERROR(INDEX(各隊total!$Z:$AB, MATCH($AF19, 各隊total!$A:$A, 0), COLUMN(A18)), "")} | BJ19: {=IFERROR(INDEX(各隊total!$AA:$AB, MATCH($AF19, 各隊total!$A:$A, 0), COLUMN(A18)), "")} | BK19: {=IFERROR(INDEX(各隊total!$AB:$AB, MATCH($AF19, 各隊total!$A:$A, 0), COLUMN(A18)), "")} | BL19: {=IFERROR(INDEX(各隊total!$C:$AB, MATCH($AF19, 各隊total!$A:$A, 0), COLUMN(AA18)), "")} | BM19: 1.01 | BN19: 1.15 | BO19: 4 | BP19: 0.35 | BQ19: 0.4 | BR19: 4 | BS19: 0.56 | BT19: 0.65 | BU19: 4 | BV19: 4.01 | BW19: 4.5 | BX19: B | BY19: 4.01 | BZ19: 4.5 | CA19: B | CB19: =CF19+CJ19+CK19+CM19+CO19+CP19+CQ19+CR19 -> 4.75 | CC19: =CU19+CV19+CY19+CZ19+DA19 -> 5.95 | CF19: =VLOOKUP(ROUND(CF18/CD18, 2), $BV$2:$BX$12, 3, TRUE)*BX$1 -> 0.75 | CJ19: =VLOOKUP(ROUND(CJ18/CD18, 2), $BM$15:$BO$25, 3, TRUE)*BO$14 -> 0.6 | CK19: =VLOOKUP(ROUND(CK18/CD18, 2), $BY$2:$CA$12, 3, TRUE)*CA$1 -> 0.5 | CM19: =VLOOKUP(ROUND(CM18/CN18, 2), $BP$15:$BR$25, 3, TRUE)*BR$14 -> 0.5 | CO19: =VLOOKUP(ROUND(CO18/CD18, 2), $BS$15:$BU$25, 3, TRUE)*BU$14 -> 0.2 | CP19: =VLOOKUP(CP18*1, BM$2:BO$12, 3, TRUE)*BO$1 -> 0.4 | CQ19: =VLOOKUP(CQ18*1, BP$2:BR$12, 3, TRUE)*BR$1 -> 1.2 | CR19: =VLOOKUP(CR18*1, BS$2:BU$12, 3, TRUE)*BU$1 -> 0.6 | CU19: =VLOOKUP(CU18*1, BM$28:BO$38, 3, TRUE)*BO$27 -> 0.9 | CV19: =VLOOKUP(CV18*1, BP$28:BR$38, 3, TRUE)*BR$27 -> 1.75 | CY19: =VLOOKUP(CY18*1, BS$28:BU$38, 3, TRUE)*BU$27 -> 1 | CZ19: =VLOOKUP(CZ18*1, BV$28:BX$38, 3, TRUE)*BX$27 -> 0.9 | DA19: =VLOOKUP(DA18*1, BY$28:CA$38, 3, TRUE)*CA$27 -> 1.4 | DH19: =DJ19+DL19+DM19+DN19+DO19-DP19-DQ19+DR19 -> 0.75 | DI19: =DU19+DX19+EA19+ED19+EE19+EF19 -> 5 | DJ19: =VLOOKUP(DJ18*1, FK$2:FM$12, 3, TRUE)*FM$1 -> 0.5 | DL19: =VLOOKUP(DL18*1, FN$2:FP$12, 3, TRUE)*FP$1 -> 0.15 | DM19: =VLOOKUP(DM18*1, FQ$2:FS$12, 3, TRUE)*FS$1 -> 0 | DN19: =VLOOKUP(DN18*1, FT$2:FV$12, 3, TRUE)*FV$1 -> 0 | DO19: =VLOOKUP(DO18*1, FW$2:FY$12, 3, TRUE)*FY$1 -> 0.5 | DP19: =VLOOKUP(DP18*1, FK$14:FM$25, 3, TRUE)*FM$14 -> 1 | DQ19: =VLOOKUP(DQ18*1, FN$14:FP$25, 3, TRUE)*FP$14 -> 0.9 | DR19: =VLOOKUP(DR18*1, FQ$14:FS$25, 3, TRUE)*FS$14 -> 1.5 | DU19: =VLOOKUP(DU18*1, FK$27:FM$38, 3, TRUE)*FM$27 -> 0 | DX19: =VLOOKUP(DX18*1, FN$27:FP$38, 3, TRUE)*FP$27 -> 0 | EA19: =VLOOKUP(EA18*1, FQ$27:FS$38, 3, TRUE)*FS$27 -> 0 | ED19: =VLOOKUP(ED18*1, FT$27:FV$38, 3, TRUE)*FV$27 -> 0 | EE19: =VLOOKUP(EE18*1, FW$27:FY$38, 3, TRUE)*FY$27 -> 1.5 | EF19: =VLOOKUP(EF18*1, FK$40:FM$51, 3, TRUE)*FM$40 -> 3.5 | EK19: =EM19+EO19+EP19+EQ19+ER19-ES19-ET19+EU19 -> #VALUE! | EL19: =EX19+FA19+FD19+FG19+FH19+FI19 -> #VALUE! | EM19: =VLOOKUP(EM18*1, $FK$2:$FM$12, 3, TRUE)*$FM$1 -> #VALUE! | EO19: =VLOOKUP(EO18*1, $FN$2:$FP$12, 3, TRUE)*$FP$1 -> #VALUE! | EP19: =VLOOKUP(EP18*1, $FQ$2:$FS$12, 3, TRUE)*$FS$1 -> #VALUE! | EQ19: =VLOOKUP(EQ18*1, $FT$2:$FV$12, 3, TRUE)*$FV$1 -> #VALUE! | ER19: =VLOOKUP(ER18*1, $FW$2:$FY$12, 3, TRUE)*$FY$1 -> #VALUE! | ES19: =VLOOKUP(ES18*1, $FK$14:$FM$25, 3, TRUE)*$FM$14 -> #VALUE! | ET19: =VLOOKUP(ET18*1, $FN$14:$FP$25, 3, TRUE)*$FP$14 -> #VALUE! | EU19: =VLOOKUP(EU18*1, $FQ$14:$FS$25, 3, TRUE)*$FS$14 -> #VALUE! | EX19: =VLOOKUP(EX18*1, $FK$27:$FM$38, 3, TRUE)*$FM$27 -> #VALUE! | FA19: =VLOOKUP(FA18*1, $FN$27:$FP$38, 3, TRUE)*$FP$27 -> #VALUE! | FD19: =VLOOKUP(FD18*1, $FQ$27:$FS$38, 3, TRUE)*$FS$27 -> #VALUE! | FG19: =VLOOKUP(FG18*1, $FT$27:$FV$38, 3, TRUE)*$FV$27 -> #VALUE! | FH19: =VLOOKUP(FH18*1, $FW$27:$FY$38, 3, TRUE)*$FY$27 -> #VALUE! | FI19: =VLOOKUP(FI18*1, $FK$40:$FM$51, 3, TRUE)*$FM$40 -> #VALUE! | FK19: 1.51 | FL19: 1.9 | FM19: 4 | FN19: 2.01 | FO19: 2.3 | FP19: 4 | FQ19: 1.71 | FR19: 2 | FS19: 4
V20: =C12 -> #N/A | W20: =E12 -> #N/A | X20: {=_xlfn.LET(_xlpm.s,SUBSTITUTE(Y20,".",""),_xlpm.c,RIGHT(_xlpm.s,1),_xlpm.n,ROW(INDIRECT("1:"&LEN(_xlpm.s))),_xlpm.cnt,MAX(IF(RIGHT(_xlpm.s,_xlpm.n)=REPT(_xlpm.c,_xlpm.n),_xlpm.n,0)),IF(_xlpm.cnt>=2,_xlpm.cnt&"連"&_xlpm.c,"1"&_xlpm.c))} -> #N/A | Y20: {=INDEX(各隊正負!$F:$F, MATCH("*"&$W20&"*", 各隊正負!$A:$A, 0)+6)} -> #N/A | AB20: {=INDEX(各隊正負!$F:$F, MATCH("*"&$W20&"*", 各隊正負!$A:$A, 0)+4)} -> #N/A | AE20: {=_xlfn.LET(_xlpm.s,SUBSTITUTE(AB20,".",""),_xlpm.c,RIGHT(_xlpm.s,1),_xlpm.n,ROW(INDIRECT("1:"&LEN(_xlpm.s))),_xlpm.cnt,MAX(IF(RIGHT(_xlpm.s,_xlpm.n)=REPT(_xlpm.c,_xlpm.n),_xlpm.n,0)),_xlpm.suffix,IF(_xlpm.c="W","勝","敗"),IF(_xlpm.cnt>=2,_xlpm.cnt&"連"&_xlpm.suffix,"1"&_xlpm.suffix))} -> #N/A | AF20: =E12 -> #N/A | AG20: {=IFERROR(INDEX(各隊total!$B:$AB, MATCH($AF20, 各隊total!$A:$A, 0), COLUMN(A19)), "")} | AH20: =CB39 -> #VALUE! | AI20: =VLOOKUP(AH20*1, BV$15:BX$25, 3, TRUE) -> #VALUE! | AJ20: =CC39 -> #VALUE! | AK20: =VLOOKUP(AJ20*1, BY$15:CA$25, 3, TRUE) -> #VALUE! | AL20: {=IFERROR(INDEX(各隊total!$C:$AB, MATCH($AF20, 各隊total!$A:$A, 0), COLUMN(A19)), "")} | AM20: {=IFERROR(INDEX(各隊total!$D:$AB, MATCH($AF20, 各隊total!$A:$A, 0), COLUMN(A19)), "")} | AN20: {=IFERROR(INDEX(各隊total!$E:$AB, MATCH($AF20, 各隊total!$A:$A, 0), COLUMN(A19)), "")} | AO20: {=IFERROR(INDEX(各隊total!$F:$AB, MATCH($AF20, 各隊total!$A:$A, 0), COLUMN(A19)), "")} | AP20: {=IFERROR(INDEX(各隊total!$G:$AB, MATCH($AF20, 各隊total!$A:$A, 0), COLUMN(A19)), "")} | AQ20: {=IFERROR(INDEX(各隊total!$H:$AB, MATCH($AF20, 各隊total!$A:$A, 0), COLUMN(A19)), "")} | AR20: {=IFERROR(INDEX(各隊total!$I:$AB, MATCH($AF20, 各隊total!$A:$A, 0), COLUMN(A19)), "")} | AS20: {=IFERROR(INDEX(各隊total!$J:$AB, MATCH($AF20, 各隊total!$A:$A, 0), COLUMN(A19)), "")} | AT20: {=IFERROR(INDEX(各隊total!$K:$AB, MATCH($AF20, 各隊total!$A:$A, 0), COLUMN(A19)), "")} | AU20: {=IFERROR(INDEX(各隊total!$L:$AB, MATCH($AF20, 各隊total!$A:$A, 0), COLUMN(A19)), "")} | AV20: {=IFERROR(INDEX(各隊total!$M:$AB, MATCH($AF20, 各隊total!$A:$A, 0), COLUMN(A19)), "")} | AW20: {=IFERROR(INDEX(各隊total!$N:$AB, MATCH($AF20, 各隊total!$A:$A, 0), COLUMN(A19)), "")} | AX20: {=IFERROR(INDEX(各隊total!$O:$AB, MATCH($AF20, 各隊total!$A:$A, 0), COLUMN(A19)), "")} | AY20: {=IFERROR(INDEX(各隊total!$P:$AB, MATCH($AF20, 各隊total!$A:$A, 0), COLUMN(A19)), "")} | AZ20: {=IFERROR(INDEX(各隊total!$Q:$AB, MATCH($AF20, 各隊total!$A:$A, 0), COLUMN(A19)), "")} | BA20: {=IFERROR(INDEX(各隊total!$R:$AB, MATCH($AF20, 各隊total!$A:$A, 0), COLUMN(A19)), "")} | BB20: {=IFERROR(INDEX(各隊total!$S:$AB, MATCH($AF20, 各隊total!$A:$A, 0), COLUMN(A19)), "")} | BC20: {=IFERROR(INDEX(各隊total!$T:$AB, MATCH($AF20, 各隊total!$A:$A, 0), COLUMN(A19)), "")} | BD20: {=IFERROR(INDEX(各隊total!$U:$AB, MATCH($AF20, 各隊total!$A:$A, 0), COLUMN(A19)), "")} | BE20: {=IFERROR(INDEX(各隊total!$V:$AB, MATCH($AF20, 各隊total!$A:$A, 0), COLUMN(A19)), "")} | BF20: {=IFERROR(INDEX(各隊total!$W:$AB, MATCH($AF20, 各隊total!$A:$A, 0), COLUMN(A19)), "")} | BG20: {=IFERROR(INDEX(各隊total!$X:$AB, MATCH($AF20, 各隊total!$A:$A, 0), COLUMN(A19)), "")} | BH20: {=IFERROR(INDEX(各隊total!$Y:$AB, MATCH($AF20, 各隊total!$A:$A, 0), COLUMN(A19)), "")} | BI20: {=IFERROR(INDEX(各隊total!$Z:$AB, MATCH($AF20, 各隊total!$A:$A, 0), COLUMN(A19)), "")} | BJ20: {=IFERROR(INDEX(各隊total!$AA:$AB, MATCH($AF20, 各隊total!$A:$A, 0), COLUMN(A19)), "")} | BK20: {=IFERROR(INDEX(各隊total!$AB:$AB, MATCH($AF20, 各隊total!$A:$A, 0), COLUMN(A19)), "")} | BL20: {=IFERROR(INDEX(各隊total!$C:$AB, MATCH($AF20, 各隊total!$A:$A, 0), COLUMN(AA19)), "")} | BM20: 1.16 | BN20: 1.3 | BO20: 5 | BP20: 0.41 | BQ20: 0.46 | BR20: 5 | BS20: 0.66 | BT20: 0.75 | BU20: 5 | BV20: 4.51 | BW20: 5 | BX20: B+ | BY20: 4.51 | BZ20: 5 | CA20: B+ | CB20: =AF11 -> 白襪 | CD20: =AG11 -> 28 | CE20: =AL11 -> 924 | CF20: =AM11 -> 113 | CG20: =AN11 -> 205 | CH20: =AO11 -> 31 | CI20: =AP11 -> 5 | CJ20: =AQ11 -> 33 | CK20: =AR11 -> 103 | CL20: =AS11 -> 345 | ... DD20: =BK11 -> 28.0 | EI20: =先發名單!X$2 -> B. Rocchio | EJ20: {=IFERROR(INDEX(球員狀態!$C$2:$C$5000, MATCH(1, (球員狀態!$A$2:$A$5000=$EI$1)*(ISNUMBER(SEARCH($EI20, 球員狀態!$B$2:$B$5000))), 0)), "")} | EM20: {=IFERROR(INDEX(球員狀態!F$2:F$5000, MATCH(1, (球員狀態!$A$2:$A$5000=$EI$1)*(ISNUMBER(SEARCH($EI20, 球員狀態!$B$2:$B$5000))), 0)), "")} | EN20: {=IFERROR(INDEX(球員狀態!G$2:G$5000, MATCH(1, (球員狀態!$A$2:$A$5000=$EI$1)*(ISNUMBER(SEARCH($EI20, 球員狀態!$B$2:$B$5000))), 0)), "")} | EO20: {=IFERROR(INDEX(球員狀態!H$2:H$5000, MATCH(1, (球員狀態!$A$2:$A$5000=$EI$1)*(ISNUMBER(SEARCH($EI20, 球員狀態!$B$2:$B$5000))), 0)), "")} | EP20: {=IFERROR(INDEX(球員狀態!I$2:I$5000, MATCH(1, (球員狀態!$A$2:$A$5000=$EI$1)*(ISNUMBER(SEARCH($EI20, 球員狀態!$B$2:$B$5000))), 0)), "")} | EQ20: {=IFERROR(INDEX(球員狀態!J$2:J$5000, MATCH(1, (球員狀態!$A$2:$A$5000=$EI$1)*(ISNUMBER(SEARCH($EI20, 球員狀態!$B$2:$B$5000))), 0)), "")} | ER20: {=IFERROR(INDEX(球員狀態!K$2:K$5000, MATCH(1, (球員狀態!$A$2:$A$5000=$EI$1)*(ISNUMBER(SEARCH($EI20, 球員狀態!$B$2:$B$5000))), 0)), "")} | ES20: {=IFERROR(INDEX(球員狀態!L$2:L$5000, MATCH(1, (球員狀態!$A$2:$A$5000=$EI$1)*(ISNUMBER(SEARCH($EI20, 球員狀態!$B$2:$B$5000))), 0)), "")} | ET20: {=IFERROR(INDEX(球員狀態!M$2:M$5000, MATCH(1, (球員狀態!$A$2:$A$5000=$EI$1)*(ISNUMBER(SEARCH($EI20, 球員狀態!$B$2:$B$5000))), 0)), "")} | ... FI20: {=IFERROR(INDEX(球員狀態!AB$2:AB$5000, MATCH(1, (球員狀態!$A$2:$A$5000=$EI$1)*(ISNUMBER(SEARCH($EI20, 球員狀態!$B$2:$B$5000))), 0)), "")} | FK20: 1.91 | FL20: 2.3 | FM20: 5 | FN20: 2.31 | FO20: 2.6 | FP20: 5 | FQ20: 2.01 | FR20: 2.3 | FS20: 5
W21: =I12 -> #N/A | X21: {=_xlfn.LET(_xlpm.s,SUBSTITUTE(Y21,".",""),_xlpm.c,RIGHT(_xlpm.s,1),_xlpm.n,ROW(INDIRECT("1:"&LEN(_xlpm.s))),_xlpm.cnt,MAX(IF(RIGHT(_xlpm.s,_xlpm.n)=REPT(_xlpm.c,_xlpm.n),_xlpm.n,0)),IF(_xlpm.cnt>=2,_xlpm.cnt&"連"&_xlpm.c,"1"&_xlpm.c))} -> #N/A | Y21: {=INDEX(各隊正負!$F:$F, MATCH("*"&$W21&"*", 各隊正負!$A:$A, 0)+6)} -> #N/A | AB21: {=INDEX(各隊正負!$F:$F, MATCH("*"&$W21&"*", 各隊正負!$A:$A, 0)+4)} -> #N/A | AE21: {=_xlfn.LET(_xlpm.s,SUBSTITUTE(AB21,".",""),_xlpm.c,RIGHT(_xlpm.s,1),_xlpm.n,ROW(INDIRECT("1:"&LEN(_xlpm.s))),_xlpm.cnt,MAX(IF(RIGHT(_xlpm.s,_xlpm.n)=REPT(_xlpm.c,_xlpm.n),_xlpm.n,0)),_xlpm.suffix,IF(_xlpm.c="W","勝","敗"),IF(_xlpm.cnt>=2,_xlpm.cnt&"連"&_xlpm.suffix,"1"&_xlpm.suffix))} -> #N/A | AF21: =I12 -> #N/A | AG21: {=IFERROR(INDEX(各隊total!$B:$AB, MATCH($AF21, 各隊total!$A:$A, 0), COLUMN(A20)), "")} | AH21: =CB41 -> #VALUE! | AI21: =VLOOKUP(AH21*1, BV$15:BX$25, 3, TRUE) -> #VALUE! | AJ21: =CC41 -> #VALUE! | AK21: =VLOOKUP(AJ21*1, BY$15:CA$25, 3, TRUE) -> #VALUE! | AL21: {=IFERROR(INDEX(各隊total!$C:$AB, MATCH($AF21, 各隊total!$A:$A, 0), COLUMN(A20)), "")} | AM21: {=IFERROR(INDEX(各隊total!$D:$AB, MATCH($AF21, 各隊total!$A:$A, 0), COLUMN(A20)), "")} | AN21: {=IFERROR(INDEX(各隊total!$E:$AB, MATCH($AF21, 各隊total!$A:$A, 0), COLUMN(A20)), "")} | AO21: {=IFERROR(INDEX(各隊total!$F:$AB, MATCH($AF21, 各隊total!$A:$A, 0), COLUMN(A20)), "")} | AP21: {=IFERROR(INDEX(各隊total!$G:$AB, MATCH($AF21, 各隊total!$A:$A, 0), COLUMN(A20)), "")} | AQ21: {=IFERROR(INDEX(各隊total!$H:$AB, MATCH($AF21, 各隊total!$A:$A, 0), COLUMN(A20)), "")} | AR21: {=IFERROR(INDEX(各隊total!$I:$AB, MATCH($AF21, 各隊total!$A:$A, 0), COLUMN(A20)), "")} | AS21: {=IFERROR(INDEX(各隊total!$J:$AB, MATCH($AF21, 各隊total!$A:$A, 0), COLUMN(A20)), "")} | AT21: {=IFERROR(INDEX(各隊total!$K:$AB, MATCH($AF21, 各隊total!$A:$A, 0), COLUMN(A20)), "")} | AU21: {=IFERROR(INDEX(各隊total!$L:$AB, MATCH($AF21, 各隊total!$A:$A, 0), COLUMN(A20)), "")} | AV21: {=IFERROR(INDEX(各隊total!$M:$AB, MATCH($AF21, 各隊total!$A:$A, 0), COLUMN(A20)), "")} | AW21: {=IFERROR(INDEX(各隊total!$N:$AB, MATCH($AF21, 各隊total!$A:$A, 0), COLUMN(A20)), "")} | AX21: {=IFERROR(INDEX(各隊total!$O:$AB, MATCH($AF21, 各隊total!$A:$A, 0), COLUMN(A20)), "")} | AY21: {=IFERROR(INDEX(各隊total!$P:$AB, MATCH($AF21, 各隊total!$A:$A, 0), COLUMN(A20)), "")} | AZ21: {=IFERROR(INDEX(各隊total!$Q:$AB, MATCH($AF21, 各隊total!$A:$A, 0), COLUMN(A20)), "")} | BA21: {=IFERROR(INDEX(各隊total!$R:$AB, MATCH($AF21, 各隊total!$A:$A, 0), COLUMN(A20)), "")} | BB21: {=IFERROR(INDEX(各隊total!$S:$AB, MATCH($AF21, 各隊total!$A:$A, 0), COLUMN(A20)), "")} | BC21: {=IFERROR(INDEX(各隊total!$T:$AB, MATCH($AF21, 各隊total!$A:$A, 0), COLUMN(A20)), "")} | BD21: {=IFERROR(INDEX(各隊total!$U:$AB, MATCH($AF21, 各隊total!$A:$A, 0), COLUMN(A20)), "")} | BE21: {=IFERROR(INDEX(各隊total!$V:$AB, MATCH($AF21, 各隊total!$A:$A, 0), COLUMN(A20)), "")} | BF21: {=IFERROR(INDEX(各隊total!$W:$AB, MATCH($AF21, 各隊total!$A:$A, 0), COLUMN(A20)), "")} | BG21: {=IFERROR(INDEX(各隊total!$X:$AB, MATCH($AF21, 各隊total!$A:$A, 0), COLUMN(A20)), "")} | BH21: {=IFERROR(INDEX(各隊total!$Y:$AB, MATCH($AF21, 各隊total!$A:$A, 0), COLUMN(A20)), "")} | BI21: {=IFERROR(INDEX(各隊total!$Z:$AB, MATCH($AF21, 各隊total!$A:$A, 0), COLUMN(A20)), "")} | BJ21: {=IFERROR(INDEX(各隊total!$AA:$AB, MATCH($AF21, 各隊total!$A:$A, 0), COLUMN(A20)), "")} | BK21: {=IFERROR(INDEX(各隊total!$AB:$AB, MATCH($AF21, 各隊total!$A:$A, 0), COLUMN(A20)), "")} | BL21: {=IFERROR(INDEX(各隊total!$C:$AB, MATCH($AF21, 各隊total!$A:$A, 0), COLUMN(AA20)), "")} | BM21: 1.31 | BN21: 1.5 | BO21: 6 | BP21: 0.47 | BQ21: 0.52 | BR21: 6 | BS21: 0.76 | BT21: 0.9 | BU21: 6 | BV21: 5.01 | BW21: 5.5 | BX21: A- | BY21: 5.01 | BZ21: 5.5 | CA21: A- | CB21: =CF21+CJ21+CK21+CM21+CO21+CP21+CQ21+CR21 -> 3.65 | CC21: =CU21+CV21+CY21+CZ21+DA21 -> 4 | CF21: =VLOOKUP(ROUND(CF20/CD20, 2), $BV$2:$BX$12, 3, TRUE)*BX$1 -> 0.45 | CJ21: =VLOOKUP(ROUND(CJ20/CD20, 2), $BM$15:$BO$25, 3, TRUE)*BO$14 -> 0.5 | CK21: =VLOOKUP(ROUND(CK20/CD20, 2), $BY$2:$CA$12, 3, TRUE)*CA$1 -> 0.2 | CM21: =VLOOKUP(ROUND(CM20/CN20, 2), $BP$15:$BR$25, 3, TRUE)*BR$14 -> 0.5 | CO21: =VLOOKUP(ROUND(CO20/CD20, 2), $BS$15:$BU$25, 3, TRUE)*BU$14 -> 0.3 | CP21: =VLOOKUP(CP20*1, BM$2:BO$12, 3, TRUE)*BO$1 -> 0.3 | CQ21: =VLOOKUP(CQ20*1, BP$2:BR$12, 3, TRUE)*BR$1 -> 0.8 | CR21: =VLOOKUP(CR20*1, BS$2:BU$12, 3, TRUE)*BU$1 -> 0.6 | CU21: =VLOOKUP(CU20*1, BM$28:BO$38, 3, TRUE)*BO$27 -> 0.8 | CV21: =VLOOKUP(CV20*1, BP$28:BR$38, 3, TRUE)*BR$27 -> 1.05 | CY21: =VLOOKUP(CY20*1, BS$28:BU$38, 3, TRUE)*BU$27 -> 0.8 | CZ21: =VLOOKUP(CZ20*1, BV$28:BX$38, 3, TRUE)*BX$27 -> 0.75 | DA21: =VLOOKUP(DA20*1, BY$28:CA$38, 3, TRUE)*CA$27 -> 0.6 | EK21: =EM21+EO21+EP21+EQ21+ER21-ES21-ET21+EU21 -> #VALUE! | EL21: =EX21+FA21+FD21+FG21+FH21+FI21 -> #VALUE! | EM21: =VLOOKUP(EM20*1, $FK$2:$FM$12, 3, TRUE)*$FM$1 -> #VALUE! | EO21: =VLOOKUP(EO20*1, $FN$2:$FP$12, 3, TRUE)*$FP$1 -> #VALUE! | EP21: =VLOOKUP(EP20*1, $FQ$2:$FS$12, 3, TRUE)*$FS$1 -> #VALUE! | EQ21: =VLOOKUP(EQ20*1, $FT$2:$FV$12, 3, TRUE)*$FV$1 -> #VALUE! | ER21: =VLOOKUP(ER20*1, $FW$2:$FY$12, 3, TRUE)*$FY$1 -> #VALUE! | ES21: =VLOOKUP(ES20*1, $FK$14:$FM$25, 3, TRUE)*$FM$14 -> #VALUE! | ET21: =VLOOKUP(ET20*1, $FN$14:$FP$25, 3, TRUE)*$FP$14 -> #VALUE! | EU21: =VLOOKUP(EU20*1, $FQ$14:$FS$25, 3, TRUE)*$FS$14 -> #VALUE! | EX21: =VLOOKUP(EX20*1, $FK$27:$FM$38, 3, TRUE)*$FM$27 -> #VALUE! | FA21: =VLOOKUP(FA20*1, $FN$27:$FP$38, 3, TRUE)*$FP$27 -> #VALUE! | FD21: =VLOOKUP(FD20*1, $FQ$27:$FS$38, 3, TRUE)*$FS$27 -> #VALUE! | FG21: =VLOOKUP(FG20*1, $FT$27:$FV$38, 3, TRUE)*$FV$27 -> #VALUE! | FH21: =VLOOKUP(FH20*1, $FW$27:$FY$38, 3, TRUE)*$FY$27 -> #VALUE! | FI21: =VLOOKUP(FI20*1, $FK$40:$FM$51, 3, TRUE)*$FM$40 -> #VALUE! | FK21: 2.31 | FL21: 2.7 | FM21: 6 | FN21: 2.61 | FO21: 3 | FP21: 6 | FQ21: 2.31 | FR21: 2.7 | FS21: 6
V22: =C13 -> #N/A | W22: =E13 -> #N/A | X22: {=_xlfn.LET(_xlpm.s,SUBSTITUTE(Y22,".",""),_xlpm.c,RIGHT(_xlpm.s,1),_xlpm.n,ROW(INDIRECT("1:"&LEN(_xlpm.s))),_xlpm.cnt,MAX(IF(RIGHT(_xlpm.s,_xlpm.n)=REPT(_xlpm.c,_xlpm.n),_xlpm.n,0)),IF(_xlpm.cnt>=2,_xlpm.cnt&"連"&_xlpm.c,"1"&_xlpm.c))} -> #N/A | Y22: {=INDEX(各隊正負!$F:$F, MATCH("*"&$W22&"*", 各隊正負!$A:$A, 0)+6)} -> #N/A | AB22: {=INDEX(各隊正負!$F:$F, MATCH("*"&$W22&"*", 各隊正負!$A:$A, 0)+4)} -> #N/A | AE22: {=_xlfn.LET(_xlpm.s,SUBSTITUTE(AB22,".",""),_xlpm.c,RIGHT(_xlpm.s,1),_xlpm.n,ROW(INDIRECT("1:"&LEN(_xlpm.s))),_xlpm.cnt,MAX(IF(RIGHT(_xlpm.s,_xlpm.n)=REPT(_xlpm.c,_xlpm.n),_xlpm.n,0)),_xlpm.suffix,IF(_xlpm.c="W","勝","敗"),IF(_xlpm.cnt>=2,_xlpm.cnt&"連"&_xlpm.suffix,"1"&_xlpm.suffix))} -> #N/A | AF22: =E13 -> #N/A | AG22: {=IFERROR(INDEX(各隊total!$B:$AB, MATCH($AF22, 各隊total!$A:$A, 0), COLUMN(A21)), "")} | AH22: =CB43 -> #VALUE! | AI22: =VLOOKUP(AH22*1, BV$15:BX$25, 3, TRUE) -> #VALUE! | AJ22: =CC43 -> #VALUE! | AK22: =VLOOKUP(AJ22*1, BY$15:CA$25, 3, TRUE) -> #VALUE! | AL22: {=IFERROR(INDEX(各隊total!$C:$AB, MATCH($AF22, 各隊total!$A:$A, 0), COLUMN(A21)), "")} | AM22: {=IFERROR(INDEX(各隊total!$D:$AB, MATCH($AF22, 各隊total!$A:$A, 0), COLUMN(A21)), "")} | AN22: {=IFERROR(INDEX(各隊total!$E:$AB, MATCH($AF22, 各隊total!$A:$A, 0), COLUMN(A21)), "")} | AO22: {=IFERROR(INDEX(各隊total!$F:$AB, MATCH($AF22, 各隊total!$A:$A, 0), COLUMN(A21)), "")} | AP22: {=IFERROR(INDEX(各隊total!$G:$AB, MATCH($AF22, 各隊total!$A:$A, 0), COLUMN(A21)), "")} | AQ22: {=IFERROR(INDEX(各隊total!$H:$AB, MATCH($AF22, 各隊total!$A:$A, 0), COLUMN(A21)), "")} | AR22: {=IFERROR(INDEX(各隊total!$I:$AB, MATCH($AF22, 各隊total!$A:$A, 0), COLUMN(A21)), "")} | AS22: {=IFERROR(INDEX(各隊total!$J:$AB, MATCH($AF22, 各隊total!$A:$A, 0), COLUMN(A21)), "")} | AT22: {=IFERROR(INDEX(各隊total!$K:$AB, MATCH($AF22, 各隊total!$A:$A, 0), COLUMN(A21)), "")} | AU22: {=IFERROR(INDEX(各隊total!$L:$AB, MATCH($AF22, 各隊total!$A:$A, 0), COLUMN(A21)), "")} | AV22: {=IFERROR(INDEX(各隊total!$M:$AB, MATCH($AF22, 各隊total!$A:$A, 0), COLUMN(A21)), "")} | AW22: {=IFERROR(INDEX(各隊total!$N:$AB, MATCH($AF22, 各隊total!$A:$A, 0), COLUMN(A21)), "")} | AX22: {=IFERROR(INDEX(各隊total!$O:$AB, MATCH($AF22, 各隊total!$A:$A, 0), COLUMN(A21)), "")} | AY22: {=IFERROR(INDEX(各隊total!$P:$AB, MATCH($AF22, 各隊total!$A:$A, 0), COLUMN(A21)), "")} | AZ22: {=IFERROR(INDEX(各隊total!$Q:$AB, MATCH($AF22, 各隊total!$A:$A, 0), COLUMN(A21)), "")} | BA22: {=IFERROR(INDEX(各隊total!$R:$AB, MATCH($AF22, 各隊total!$A:$A, 0), COLUMN(A21)), "")} | BB22: {=IFERROR(INDEX(各隊total!$S:$AB, MATCH($AF22, 各隊total!$A:$A, 0), COLUMN(A21)), "")} | BC22: {=IFERROR(INDEX(各隊total!$T:$AB, MATCH($AF22, 各隊total!$A:$A, 0), COLUMN(A21)), "")} | BD22: {=IFERROR(INDEX(各隊total!$U:$AB, MATCH($AF22, 各隊total!$A:$A, 0), COLUMN(A21)), "")} | BE22: {=IFERROR(INDEX(各隊total!$V:$AB, MATCH($AF22, 各隊total!$A:$A, 0), COLUMN(A21)), "")} | BF22: {=IFERROR(INDEX(各隊total!$W:$AB, MATCH($AF22, 各隊total!$A:$A, 0), COLUMN(A21)), "")} | BG22: {=IFERROR(INDEX(各隊total!$X:$AB, MATCH($AF22, 各隊total!$A:$A, 0), COLUMN(A21)), "")} | BH22: {=IFERROR(INDEX(各隊total!$Y:$AB, MATCH($AF22, 各隊total!$A:$A, 0), COLUMN(A21)), "")} | BI22: {=IFERROR(INDEX(各隊total!$Z:$AB, MATCH($AF22, 各隊total!$A:$A, 0), COLUMN(A21)), "")} | BJ22: {=IFERROR(INDEX(各隊total!$AA:$AB, MATCH($AF22, 各隊total!$A:$A, 0), COLUMN(A21)), "")} | BK22: {=IFERROR(INDEX(各隊total!$AB:$AB, MATCH($AF22, 各隊total!$A:$A, 0), COLUMN(A21)), "")} | BL22: {=IFERROR(INDEX(各隊total!$C:$AB, MATCH($AF22, 各隊total!$A:$A, 0), COLUMN(AA21)), "")} | BM22: 1.51 | BN22: 1.7 | BO22: 7 | BP22: 0.53 | BQ22: 0.6 | BR22: 7 | BS22: 0.91 | BT22: 1.1 | BU22: 7 | BV22: 5.51 | BW22: 6 | BX22: A | BY22: 5.51 | BZ22: 6 | CA22: A | CB22: =AF12 -> 洋基 | CD22: =AG12 -> 28 | CE22: =AL12 -> 916 | CF22: =AM12 -> 146 | CG22: =AN12 -> 213 | CH22: =AO12 -> 43 | CI22: =AP12 -> 4 | CJ22: =AQ12 -> 43 | CK22: =AR12 -> 138 | CL22: =AS12 -> 393 | ... DD22: =BK12 -> 21.3 | EI22: =先發名單!Y$2 -> 0 | EJ22: {=IFERROR(INDEX(球員狀態!$C$2:$C$5000, MATCH(1, (球員狀態!$A$2:$A$5000=$EI$1)*(ISNUMBER(SEARCH($EI22, 球員狀態!$B$2:$B$5000))), 0)), "")} | EM22: {=IFERROR(INDEX(球員狀態!F$2:F$5000, MATCH(1, (球員狀態!$A$2:$A$5000=$EI$1)*(ISNUMBER(SEARCH($EI22, 球員狀態!$B$2:$B$5000))), 0)), "")} | EN22: {=IFERROR(INDEX(球員狀態!G$2:G$5000, MATCH(1, (球員狀態!$A$2:$A$5000=$EI$1)*(ISNUMBER(SEARCH($EI22, 球員狀態!$B$2:$B$5000))), 0)), "")} | EO22: {=IFERROR(INDEX(球員狀態!H$2:H$5000, MATCH(1, (球員狀態!$A$2:$A$5000=$EI$1)*(ISNUMBER(SEARCH($EI22, 球員狀態!$B$2:$B$5000))), 0)), "")} | EP22: {=IFERROR(INDEX(球員狀態!I$2:I$5000, MATCH(1, (球員狀態!$A$2:$A$5000=$EI$1)*(ISNUMBER(SEARCH($EI22, 球員狀態!$B$2:$B$5000))), 0)), "")} | EQ22: {=IFERROR(INDEX(球員狀態!J$2:J$5000, MATCH(1, (球員狀態!$A$2:$A$5000=$EI$1)*(ISNUMBER(SEARCH($EI22, 球員狀態!$B$2:$B$5000))), 0)), "")} | ER22: {=IFERROR(INDEX(球員狀態!K$2:K$5000, MATCH(1, (球員狀態!$A$2:$A$5000=$EI$1)*(ISNUMBER(SEARCH($EI22, 球員狀態!$B$2:$B$5000))), 0)), "")} | ES22: {=IFERROR(INDEX(球員狀態!L$2:L$5000, MATCH(1, (球員狀態!$A$2:$A$5000=$EI$1)*(ISNUMBER(SEARCH($EI22, 球員狀態!$B$2:$B$5000))), 0)), "")} | ET22: {=IFERROR(INDEX(球員狀態!M$2:M$5000, MATCH(1, (球員狀態!$A$2:$A$5000=$EI$1)*(ISNUMBER(SEARCH($EI22, 球員狀態!$B$2:$B$5000))), 0)), "")} | ... FI22: {=IFERROR(INDEX(球員狀態!AB$2:AB$5000, MATCH(1, (球員狀態!$A$2:$A$5000=$EI$1)*(ISNUMBER(SEARCH($EI22, 球員狀態!$B$2:$B$5000))), 0)), "")} | FK22: 2.71 | FL22: 3.2 | FM22: 7 | FN22: 3.01 | FO22: 3.4 | FP22: 7 | FQ22: 2.71 | FR22: 3.2 | FS22: 7
